0.010, -0.001, -0.097, -9.662
0.020, -0.001, -0.094, -9.402
0.030, -0.001, -0.091, -9.143
0.040, -0.000, -0.076, -7.643
0.050, 0.000, 0.053, 5.331
0.060, 0.002, 0.264, 21.101
0.070, 0.006, 0.633, 36.878
0.080, 0.015, 1.157, 52.435
0.090, 0.030, 1.762, 60.501
0.100, 0.051, 2.411, 64.931
0.110, 0.078, 3.105, 69.364
0.120, 0.113, 3.843, 73.800
0.130, 0.155, 4.618, 77.557
0.140, 0.205, 5.390, 77.209
0.150, 0.263, 6.151, 76.173
0.160, 0.328, 6.903, 75.162
0.170, 0.401, 7.648, 74.551
0.180, 0.481, 8.389, 74.077
0.190, 0.569, 9.125, 73.603
0.200, 0.664, 9.856, 73.129
0.210, 0.766, 10.585, 72.941
0.220, 0.876, 11.315, 73.043
0.230, 0.992, 12.047, 73.144
0.240, 1.116, 12.779, 73.245
0.250, 1.248, 13.512, 73.345
0.260, 1.387, 14.246, 73.446
0.270, 1.533, 14.982, 73.546
0.280, 1.686, 15.718, 73.647
0.290, 1.847, 16.455, 73.747
0.300, 2.015, 17.194, 73.847
0.310, 2.191, 17.933, 73.946
0.320, 2.374, 18.673, 74.045
0.330, 2.565, 19.414, 74.143
0.340, 2.762, 20.157, 74.242
0.350, 2.968, 20.900, 74.340
0.360, 3.180, 21.644, 74.439
0.370, 3.401, 22.389, 74.538
0.380, 3.628, 23.136, 74.637
0.390, 3.863, 23.883, 74.735
0.400, 4.106, 24.631, 74.834
0.410, 4.356, 25.380, 74.932
0.420, 4.614, 26.130, 75.028
0.430, 4.878, 26.881, 75.098
0.440, 5.151, 27.633, 75.157
0.450, 5.431, 28.385, 75.217
0.465, 5.865, 29.514, 75.299
0.488, 6.549, 31.210, 75.421
0.521, 7.645, 33.760, 75.603
0.571, 9.428, 37.550, 75.873
0.621, 11.400, 41.354, 76.167
0.671, 13.563, 45.174, 76.460
0.721, 15.918, 49.008, 76.766
0.771, 18.465, 52.859, 77.083
0.821, 21.204, 56.725, 77.397
0.871, 24.137, 60.606, 77.708
0.921, 27.265, 64.504, 78.013
0.971, 30.588, 68.415, 78.296
1.021, 34.107, 72.335, 78.425
1.071, 37.821, 76.256, 78.444
1.121, 41.732, 80.177, 78.406
1.171, 45.839, 84.094, 78.302
1.221, 50.142, 88.005, 78.123
1.271, 54.639, 91.903, 77.840
1.321, 59.332, 95.785, 77.469
1.371, 64.217, 99.648, 77.057
1.421, 69.296, 103.488, 76.583
1.471, 74.566, 107.304, 76.106
1.521, 80.026, 111.097, 75.646
1.571, 85.675, 114.864, 75.133
1.616, 90.897, 118.219, 74.759
1.656, 95.659, 121.187, 74.573
1.693, 100.267, 123.990, 74.708
1.735, 105.443, 127.071, 74.799
1.777, 110.856, 130.220, 74.968
1.820, 116.577, 133.477, 75.276
1.868, 123.079, 137.103, 75.750
1.918, 130.029, 140.902, 76.337
1.968, 137.169, 144.728, 76.824
2.018, 144.502, 148.572, 77.156
2.068, 152.027, 152.432, 77.379
2.116, 159.435, 156.145, 77.462
2.154, 165.319, 159.034, 77.461
2.185, 170.307, 161.442, 77.381
2.214, 175.120, 163.729, 77.275
2.243, 179.853, 165.944, 77.124
2.271, 184.598, 168.130, 76.897
2.302, 189.792, 170.482, 76.586
2.338, 196.026, 173.249, 76.134
2.388, 204.783, 177.033, 75.405
2.438, 213.728, 180.774, 74.481
2.488, 222.859, 184.453, 73.213
2.535, 231.486, 187.802, 71.957
2.566, 237.420, 190.040, 71.167
2.594, 242.773, 192.022, 70.682
2.622, 248.092, 193.961, 70.370
2.651, 253.801, 196.012, 70.169
2.685, 260.493, 198.384, 70.039
2.734, 270.221, 201.774, 69.990
2.783, 280.397, 205.249, 69.625
2.833, 290.745, 208.699, 69.108
2.884, 301.266, 212.122, 68.550
2.928, 310.658, 215.106, 67.885
2.964, 318.601, 217.575, 67.147
3.004, 327.330, 220.224, 66.249
3.054, 338.423, 223.490, 65.072
3.104, 349.678, 226.690, 63.711
3.154, 361.091, 229.824, 62.458
3.204, 372.659, 232.897, 61.287
3.241, 381.224, 235.111, 60.437
3.273, 388.749, 237.020, 59.928
3.305, 396.568, 238.975, 59.624
3.346, 406.396, 241.401, 59.497
3.396, 418.539, 244.348, 59.142
3.446, 430.830, 247.274, 58.721
3.474, 437.629, 248.865, 58.103
3.497, 443.566, 250.235, 57.594
3.521, 449.418, 251.568, 57.072
3.544, 455.369, 252.902, 56.468
3.570, 461.939, 254.349, 55.672
3.606, 471.154, 256.327, 54.504
3.656, 484.038, 258.994, 52.892
3.706, 497.052, 261.562, 50.927
3.731, 503.461, 262.784, 49.892
3.752, 509.125, 263.846, 49.333
3.773, 514.630, 264.864, 48.887
3.794, 520.140, 265.872, 48.572
3.816, 526.084, 266.949, 48.466
3.846, 534.122, 268.398, 48.502
3.891, 546.259, 270.569, 48.449
3.941, 559.848, 272.971, 48.155
3.972, 568.128, 274.411, 47.668
3.997, 575.211, 275.605, 46.352
4.023, 582.152, 276.731, 44.726
4.050, 589.923, 277.930, 42.603
4.089, 600.589, 279.450, 39.395
4.139, 614.605, 281.161, 33.772
4.189, 628.695, 282.473, 26.002
4.221, 637.848, 283.077, 18.827
4.248, 645.581, 283.447, 13.631
4.276, 653.321, 283.693, 9.191
4.317, 664.939, 283.836, 3.543
4.367, 679.125, 283.596, -4.727
4.401, 688.846, 283.160, -12.637
4.429, 696.622, 282.700, -16.702
4.461, 705.698, 282.071, -19.658
4.509, 719.271, 280.989, -22.548
4.519, 722.123, 280.743, -24.231
4.534, 726.396, 280.369, -24.598
4.557, 732.795, 279.806, -24.713
4.591, 742.369, 278.957, -24.804
4.626, 752.046, 278.098, -24.579
4.670, 764.154, 277.035, -24.180
4.720, 777.976, 275.837, -23.720
4.770, 791.738, 274.664, -23.319
4.820, 805.442, 273.503, -23.150
4.870, 819.088, 272.346, -23.244
4.920, 832.676, 271.176, -23.556
4.970, 846.206, 269.991, -23.671
5.004, 855.543, 269.173, -23.494
5.045, 866.444, 268.227, -23.121
5.095, 879.827, 267.082, -22.722
5.145, 893.153, 265.961, -22.121
5.188, 904.607, 265.013, -21.923
5.226, 914.526, 264.193, -21.806
5.262, 924.224, 263.392, -21.793
5.306, 935.761, 262.433, -21.962
5.356, 948.855, 261.326, -22.292
5.406, 961.893, 260.201, -22.607
5.435, 969.330, 259.555, -22.466
5.467, 977.761, 258.829, -22.206
5.510, 988.872, 257.882, -21.818
5.560, 1001.739, 256.802, -21.384
5.610, 1014.552, 255.744, -21.015
5.660, 1027.313, 254.698, -20.831
5.710, 1040.022, 253.660, -20.695
5.760, 1052.680, 252.628, -20.644
5.810, 1065.285, 251.591, -20.821
5.860, 1077.839, 250.549, -20.837
5.910, 1090.340, 249.507, -20.824
5.960, 1102.789, 248.467, -20.756
6.010, 1115.187, 247.433, -20.617
6.060, 1127.533, 246.404, -20.526
6.110, 1139.827, 245.380, -20.418
6.160, 1152.071, 244.365, -20.178
6.210, 1164.264, 243.363, -19.906
6.260, 1176.407, 242.372, -19.727
6.310, 1188.501, 241.393, -19.454
6.360, 1200.547, 240.425, -19.345
6.410, 1212.544, 239.452, -19.533
6.460, 1224.492, 238.475, -19.509
6.510, 1236.391, 237.505, -19.321
6.560, 1248.243, 236.541, -19.248
6.610, 1260.046, 235.580, -19.166
6.660, 1271.801, 234.624, -19.120
6.710, 1283.508, 233.666, -19.168
6.760, 1295.167, 232.708, -19.135
6.810, 1306.779, 231.753, -19.058
6.860, 1318.343, 230.802, -18.993
6.910, 1329.859, 229.855, -18.859
6.960, 1341.328, 228.918, -18.593
7.010, 1352.751, 227.996, -18.286
7.060, 1364.128, 227.090, -18.003
7.110, 1375.460, 226.195, -17.813
7.153, 1385.048, 225.441, -17.753
7.197, 1394.904, 224.659, -17.945
7.247, 1406.115, 223.755, -18.221
7.297, 1417.279, 222.838, -18.426
7.347, 1428.398, 221.911, -18.603
7.381, 1435.967, 221.279, -18.349
7.428, 1446.470, 220.416, -18.008
7.478, 1457.469, 219.524, -17.639
7.528, 1468.423, 218.652, -17.311
7.578, 1479.334, 217.792, -17.078
7.623, 1489.033, 217.033, -17.012
7.668, 1498.754, 216.269, -17.054
7.718, 1509.546, 215.414, -17.181
7.768, 1520.295, 214.549, -17.414
7.818, 1531.001, 213.673, -17.561
7.868, 1541.662, 212.794, -17.561
7.918, 1552.280, 211.918, -17.477
7.968, 1562.854, 211.048, -17.357
8.018, 1573.385, 210.184, -17.194
8.068, 1583.873, 209.329, -16.928
8.118, 1594.318, 208.492, -16.638
8.168, 1604.722, 207.664, -16.492
8.218, 1615.085, 206.842, -16.411
8.268, 1625.406, 206.022, -16.391
8.318, 1635.687, 205.202, -16.366
8.368, 1645.927, 204.386, -16.311
8.418, 1656.126, 203.570, -16.331
8.468, 1666.284, 202.752, -16.360
8.518, 1676.401, 201.934, -16.401
8.568, 1686.477, 201.112, -16.402
8.618, 1696.512, 200.295, -16.286
8.668, 1706.507, 199.483, -16.201
8.718, 1716.461, 198.675, -16.128
8.768, 1726.374, 197.871, -15.994
8.818, 1736.248, 197.076, -15.880
8.868, 1746.082, 196.281, -15.922
8.918, 1755.876, 195.484, -15.898
8.968, 1765.630, 194.693, -15.788
9.018, 1775.345, 193.906, -15.693
9.068, 1785.021, 193.124, -15.587
9.118, 1794.658, 192.348, -15.397
9.168, 1804.256, 191.585, -15.152
9.218, 1813.816, 190.830, -15.116
9.268, 1823.339, 190.073, -15.089
9.318, 1832.824, 189.322, -15.047
9.368, 1842.271, 188.564, -15.205
9.418, 1851.680, 187.802, -15.281
9.468, 1861.051, 187.036, -15.348
9.518, 1870.384, 186.268, -15.432
9.568, 1879.678, 185.492, -15.587
9.618, 1888.933, 184.710, -15.669
9.663, 1897.328, 183.997, -15.557
9.713, 1906.509, 183.229, -15.169
9.763, 1915.651, 182.480, -14.818
9.813, 1924.757, 181.744, -14.651
9.863, 1933.826, 181.014, -14.510
9.913, 1942.859, 180.295, -14.341
9.963, 1951.855, 179.576, -14.409
10.013, 1960.816, 178.855, -14.413
10.063, 1969.741, 178.134, -14.460
10.113, 1978.629, 177.407, -14.584
10.163, 1987.481, 176.677, -14.631
10.213, 1996.297, 175.943, -14.694
10.263, 2005.076, 175.210, -14.636
10.313, 2013.818, 174.480, -14.559
10.363, 2022.524, 173.753, -14.514
10.413, 2031.193, 173.028, -14.498
10.463, 2039.827, 172.305, -14.457
10.513, 2048.424, 171.581, -14.461
10.563, 2056.985, 170.861, -14.327
10.613, 2065.510, 170.150, -14.111
10.663, 2074.000, 169.450, -13.869
10.713, 2082.455, 168.761, -13.725
10.763, 2090.876, 168.076, -13.685
10.813, 2099.263, 167.393, -13.685
10.863, 2107.615, 166.706, -13.774
10.913, 2115.934, 166.017, -13.783
10.963, 2124.217, 165.327, -13.836
11.013, 2132.466, 164.633, -13.907
11.063, 2140.680, 163.936, -13.972
11.113, 2148.860, 163.234, -14.065
11.163, 2157.004, 162.532, -14.028
11.213, 2165.113, 161.833, -13.940
11.263, 2173.187, 161.137, -13.870
11.313, 2181.227, 160.446, -13.786
11.363, 2189.232, 159.758, -13.746
11.413, 2197.202, 159.073, -13.617
11.463, 2205.139, 158.399, -13.365
11.513, 2213.042, 157.734, -13.201
11.563, 2220.913, 157.079, -13.030
11.613, 2228.750, 156.429, -13.011
11.663, 2236.556, 155.778, -13.038
11.713, 2244.328, 155.124, -13.136
11.763, 2252.068, 154.463, -13.303
11.813, 2259.774, 153.793, -13.484
11.863, 2267.447, 153.116, -13.535
11.913, 2275.086, 152.441, -13.455
11.963, 2282.691, 151.771, -13.382
12.013, 2290.263, 151.102, -13.340
12.063, 2297.802, 150.438, -13.250
12.113, 2305.307, 149.777, -13.193
12.163, 2312.779, 149.119, -13.093
12.213, 2320.219, 148.469, -12.936
12.263, 2327.626, 147.823, -12.915
12.313, 2335.001, 147.178, -12.862
12.363, 2342.344, 146.538, -12.754
12.413, 2349.655, 145.902, -12.690
12.463, 2356.934, 145.270, -12.609
12.513, 2364.182, 144.640, -12.545
12.563, 2371.399, 144.016, -12.442
12.613, 2378.584, 143.394, -12.447
12.663, 2385.738, 142.771, -12.470
12.713, 2392.861, 142.146, -12.561
12.763, 2399.952, 141.514, -12.714
12.813, 2407.012, 140.873, -12.942
12.863, 2414.040, 140.221, -13.069
12.913, 2421.034, 139.568, -13.072
12.963, 2427.996, 138.913, -13.113
13.013, 2434.926, 138.259, -13.034
13.063, 2441.822, 137.610, -12.924
13.113, 2448.687, 136.968, -12.761
13.163, 2455.519, 136.333, -12.660
13.213, 2462.320, 135.701, -12.597
13.263, 2469.089, 135.076, -12.385
13.313, 2475.828, 134.463, -12.149
13.363, 2482.536, 133.861, -11.956
13.413, 2489.214, 133.267, -11.787
13.463, 2495.863, 132.682, -11.654
13.509, 2501.843, 132.154, -11.742
13.559, 2508.436, 131.568, -11.712
13.608, 2514.999, 130.980, -11.800
13.658, 2521.533, 130.387, -11.912
13.708, 2528.038, 129.787, -12.092
13.759, 2534.512, 129.180, -12.223
13.809, 2540.956, 128.562, -12.441
13.858, 2547.368, 127.939, -12.524
13.908, 2553.750, 127.305, -12.806
13.958, 2560.099, 126.663, -12.846
14.009, 2566.416, 126.021, -12.844
14.059, 2572.701, 125.379, -12.803
14.108, 2578.954, 124.741, -12.731
14.158, 2585.175, 124.107, -12.589
14.208, 2591.365, 123.485, -12.287
14.259, 2597.524, 122.878, -12.016
14.309, 2603.653, 122.284, -11.739
14.358, 2609.752, 121.703, -11.527
14.408, 2615.823, 121.132, -11.299
14.458, 2621.865, 120.570, -11.193
14.508, 2627.866, 120.014, -11.142
14.556, 2633.604, 119.479, -11.178
14.606, 2639.564, 118.918, -11.270
14.656, 2645.496, 118.350, -11.471
14.706, 2651.399, 117.771, -11.667
14.756, 2657.273, 117.183, -11.865
14.806, 2663.117, 116.586, -12.014
14.856, 2668.931, 115.981, -12.163
14.906, 2674.715, 115.372, -12.211
14.956, 2680.468, 114.758, -12.316
15.006, 2686.191, 114.145, -12.210
15.056, 2691.883, 113.535, -12.186
15.106, 2697.544, 112.928, -12.057
15.156, 2703.176, 112.329, -11.898
15.206, 2708.777, 111.738, -11.738
15.256, 2714.350, 111.157, -11.526
15.306, 2719.893, 110.586, -11.338
15.356, 2725.408, 110.022, -11.204
15.406, 2730.896, 109.465, -11.075
15.456, 2736.355, 108.916, -10.909
15.506, 2741.787, 108.374, -10.776
15.556, 2747.192, 107.834, -10.812
15.606, 2752.571, 107.293, -10.842
15.656, 2757.922, 106.747, -10.997
15.706, 2763.245, 106.195, -11.094
15.756, 2768.541, 105.637, -11.211
15.806, 2773.809, 105.074, -11.300
15.856, 2779.049, 104.509, -11.334
15.906, 2784.260, 103.938, -11.487
15.956, 2789.442, 103.363, -11.549
16.006, 2794.596, 102.779, -11.764
16.056, 2799.720, 102.190, -11.778
16.106, 2804.815, 101.601, -11.774
16.156, 2809.880, 101.016, -11.631
16.206, 2814.917, 100.436, -11.585
16.256, 2819.924, 99.859, -11.484
16.306, 2824.903, 99.285, -11.473
16.356, 2829.853, 98.715, -11.318
16.406, 2834.774, 98.151, -11.246
16.456, 2839.668, 97.591, -11.146
16.506, 2844.533, 97.039, -10.936
16.556, 2849.372, 96.496, -10.815
16.606, 2854.183, 95.955, -10.827
16.656, 2858.967, 95.414, -10.828
16.706, 2862.967, 94.871, -10.870
16.756, 3000.000, 94.327, -10.894
16.806, 2873.157, 93.780, -10.981
16.856, 2877.833, 93.232, -10.961
16.906, 2882.480, 92.683, -11.000
16.956, 2887.101, 92.130, -11.110
17.006, 2891.693, 91.576, -11.061
17.056, 2896.258, 91.024, -11.012
17.106, 2900.796, 90.475, -10.933
17.156, 2905.306, 89.928, -10.950
17.206, 2909.789, 89.380, -10.972
17.256, 2914.244, 88.831, -10.998
17.306, 2918.672, 88.282, -10.957
17.356, 2923.072, 87.733, -11.011
17.406, 2927.445, 87.183, -10.962
17.456, 2931.790, 86.637, -10.875
17.506, 2936.109, 86.094, -10.853
17.556, 2940.400, 85.551, -10.860
17.606, 2944.664, 85.010, -10.785
17.656, 2948.901, 84.472, -10.748
17.706, 2953.111, 83.935, -10.719
17.756, 2957.294, 83.400, -10.710
17.806, 2961.451, 82.865, -10.678
17.856, 2965.581, 82.331, -10.693
17.906, 2969.684, 81.796, -10.695
17.956, 2973.760, 81.262, -10.675
18.006, 2977.810, 80.728, -10.667
18.056, 2981.833, 80.194, -10.698
18.106, 2985.830, 79.660, -10.681
18.156, 2989.799, 79.126, -10.654
18.206, 2993.742, 78.594, -10.637
18.256, 2997.659, 78.063, -10.581
18.306, 3001.549, 77.536, -10.523
18.356, 3005.413, 77.009, -10.545
18.406, 3009.250, 76.482, -10.529
18.456, 3013.061, 75.956, -10.537
18.506, 3016.845, 75.426, -10.670
18.556, 3020.603, 74.891, -10.733
18.606, 3024.334, 74.353, -10.780
18.656, 3028.039, 73.813, -10.801
18.706, 3031.716, 73.271, -10.883
18.756, 3035.365, 72.725, -10.949
18.806, 3038.988, 72.181, -10.812
18.856, 3042.584, 71.641, -10.771
18.906, 3046.152, 71.106, -10.643
18.956, 3049.694, 70.576, -10.583
19.006, 3053.210, 70.046, -10.612
19.056, 3056.699, 69.516, -10.577
19.106, 3060.162, 68.990, -10.488
19.156, 3063.598, 68.465, -10.489
19.206, 3067.008, 67.942, -10.447
19.256, 3070.392, 67.420, -10.428
19.306, 3073.750, 66.898, -10.445
19.356, 3077.082, 66.376, -10.429
19.406, 3080.388, 65.857, -10.325
19.456, 3083.668, 65.342, -10.280
19.506, 3086.922, 64.831, -10.172
19.556, 3090.151, 64.324, -10.122
19.606, 3093.354, 63.815, -10.210
19.656, 3096.532, 63.304, -10.219
19.706, 3099.685, 62.794, -10.184
19.756, 3102.812, 62.285, -10.187
19.806, 3105.913, 61.776, -10.170
19.856, 3108.990, 61.266, -10.235
19.906, 3112.040, 60.754, -10.262
19.956, 3115.065, 60.242, -10.213
20.006, 3118.064, 59.731, -10.229
20.056, 3121.038, 59.218, -10.269
20.106, 3123.986, 58.704, -10.301
20.156, 3126.908, 58.187, -10.364
20.206, 3129.805, 57.671, -10.306
20.256, 3132.675, 57.156, -10.291
20.306, 3135.520, 56.642, -10.278
20.356, 3138.340, 56.127, -10.299
20.406, 3141.133, 55.613, -10.249
20.456, 3143.901, 55.099, -10.309
20.506, 3146.643, 54.583, -10.335
20.556, 3149.359, 54.066, -10.352
20.606, 3152.050, 53.548, -10.375
20.656, 3154.714, 53.028, -10.435
20.706, 3157.352, 52.507, -10.401
20.756, 3159.965, 51.988, -10.360
20.806, 3162.551, 51.470, -10.360
20.856, 3165.112, 50.953, -10.317
20.906, 3167.646, 50.437, -10.312
20.956, 3170.155, 49.922, -10.312
21.006, 3172.638, 49.406, -10.293
21.056, 3175.096, 48.892, -10.273
21.106, 3177.528, 48.382, -10.125
21.156, 3179.934, 47.877, -10.081
21.206, 3182.315, 47.373, -10.090
21.256, 3184.671, 46.869, -10.067
21.306, 3187.002, 46.365, -10.093
21.356, 3189.308, 45.860, -10.098
21.406, 3191.588, 45.357, -10.019
21.456, 3193.844, 44.855, -10.084
21.506, 3196.074, 44.351, -10.047
21.556, 3198.279, 43.853, -9.899
21.606, 3200.459, 43.357, -9.947
21.656, 3202.615, 42.859, -9.971
21.706, 3204.745, 42.360, -9.985
21.756, 3206.851, 41.861, -9.963
21.806, 3208.931, 41.362, -9.992
21.856, 3210.987, 40.863, -9.972
21.906, 3213.017, 40.365, -9.930
21.956, 3215.023, 39.870, -9.904
22.006, 3217.004, 39.375, -9.891
22.056, 3218.961, 38.881, -9.881
22.106, 3220.893, 38.386, -9.904
22.156, 3222.799, 37.889, -9.955
22.206, 3224.681, 37.391, -9.985
22.256, 3226.538, 36.891, -10.017
22.306, 3228.370, 36.389, -10.036
22.356, 3230.177, 35.889, -9.999
22.406, 3231.959, 35.389, -9.991
22.456, 3233.716, 34.889, -10.017
22.506, 3235.448, 34.385, -10.105
22.556, 3237.155, 33.883, -10.015
22.606, 3238.836, 33.381, -10.034
22.656, 3240.493, 32.880, -10.032
22.706, 3242.125, 32.378, -10.021
22.756, 3243.731, 31.879, -9.967
22.806, 3245.312, 31.381, -9.950
22.856, 3246.869, 30.883, -9.950
22.906, 3248.401, 30.385, -9.999
22.956, 3249.907, 29.884, -10.033
23.006, 3251.389, 29.382, -10.045
23.056, 3252.845, 28.878, -10.111
23.106, 3254.277, 28.372, -10.106
23.156, 3255.683, 27.867, -10.103
23.206, 3257.063, 27.363, -10.071
23.256, 3258.419, 26.860, -10.034
23.306, 3259.750, 26.358, -10.042
23.356, 3261.055, 25.858, -9.959
23.406, 3262.335, 25.360, -9.970
23.456, 3263.591, 24.861, -9.977
23.506, 3264.821, 24.363, -9.954
23.556, 3266.027, 23.866, -9.929
23.606, 3267.208, 23.370, -9.901
23.656, 3268.364, 22.875, -9.900
23.706, 3269.496, 22.380, -9.903
23.756, 3270.602, 21.885, -9.888
23.806, 3271.684, 21.391, -9.897
23.856, 3272.741, 20.897, -9.841
23.906, 3273.774, 20.405, -9.838
23.956, 3274.782, 19.914, -9.822
24.006, 3275.765, 19.423, -9.805
24.056, 3276.724, 18.934, -9.785
24.106, 3277.659, 18.444, -9.802
24.156, 3278.569, 17.955, -9.755
24.206, 3279.454, 17.467, -9.745
24.256, 3280.315, 16.980, -9.739
24.306, 3281.152, 16.494, -9.723
24.356, 3281.965, 16.008, -9.714
24.406, 3282.753, 15.523, -9.677
24.456, 3283.517, 15.039, -9.677
24.506, 3284.257, 14.556, -9.661
24.556, 3284.973, 14.073, -9.643
24.606, 3285.664, 13.592, -9.603
24.656, 3286.332, 13.112, -9.607
24.706, 3286.975, 12.631, -9.620
24.756, 3287.595, 12.150, -9.629
24.806, 3288.190, 11.669, -9.597
24.856, 3288.762, 11.189, -9.601
24.906, 3289.309, 10.709, -9.619
24.956, 3289.833, 10.228, -9.620
25.006, 3290.332, 9.746, -9.646
25.056, 3290.807, 9.263, -9.691
25.106, 3291.258, 8.777, -9.716
25.156, 3291.685, 8.291, -9.737
25.206, 3292.087, 7.804, -9.736
25.256, 3292.465, 7.317, -9.740
25.306, 3292.819, 6.830, -9.741
25.356, 3293.148, 6.343, -9.743
25.406, 3293.453, 5.856, -9.765
25.456, 3293.734, 5.367, -9.764
25.506, 3293.990, 4.879, -9.766
25.556, 3294.222, 4.391, -9.773
25.606, 3294.429, 3.902, -9.776
25.656, 3294.612, 3.413, -9.783
25.706, 3294.771, 2.924, -9.791
25.756, 3294.904, 2.434, -9.794
25.806, 3295.014, 1.944, -9.801
25.856, 3295.099, 1.454, -9.808
25.906, 3295.159, 0.963, -9.813
25.956, 3295.195, 0.473, -9.815
26.006, 3295.207, -0.018, -9.819
26.056, 3295.193, -0.509, -9.821
26.060, 3295.191, -0.550, -9.703
26.189, 3295.040, -1.797, -9.696
26.383, 3294.513, -3.642, -9.509
26.743, 3292.605, -6.967, -9.247
27.243, 3288.026, -11.350, -8.767
27.743, 3281.333, -15.421, -8.142
28.243, 3272.683, -19.179, -7.516
28.743, 3262.207, -22.728, -7.097
29.243, 3250.020, -26.018, -6.581
29.743, 3236.263, -29.011, -5.985
30.243, 3221.077, -31.735, -5.448
30.743, 3204.608, -34.139, -4.808
31.243, 3187.015, -36.234, -4.191
31.743, 3168.400, -38.225, -3.982
32.243, 3148.871, -39.892, -3.335
32.743, 3128.552, -41.386, -2.987
33.243, 3107.530, -42.700, -2.627
33.743, 3085.886, -43.876, -2.353
34.243, 3063.724, -44.773, -1.794
34.743, 3041.135, -45.584, -1.621
35.243, 3018.157, -46.326, -1.484
35.743, 2994.844, -46.926, -1.201
36.243, 2971.268, -47.377, -0.902
36.743, 2947.484, -47.759, -0.764
37.243, 2923.522, -48.089, -0.658
37.743, 2899.412, -48.350, -0.524
38.243, 2875.183, -48.567, -0.433
38.743, 2850.860, -48.724, -0.315
39.243, 2826.471, -48.833, -0.218
39.743, 2802.040, -48.890, -0.113
40.243, 2777.580, -48.949, -0.119
40.743, 2753.094, -48.995, -0.090
41.243, 2728.596, -49.000, -0.011
41.743, 2704.097, -48.995, 0.011
42.243, 2679.600, -48.995, -0.001
42.743, 2655.106, -48.978, 0.035
43.243, 2630.626, -48.942, 0.072
43.743, 2606.164, -48.909, 0.065
44.243, 2581.722, -48.857, 0.104
44.743, 2557.302, -48.823, 0.069
45.243, 2532.903, -48.772, 0.102
45.743, 2508.528, -48.729, 0.086
46.243, 2484.175, -48.683, 0.092
46.743, 2459.847, -48.629, 0.109
47.243, 2435.545, -48.577, 0.103
47.743, 2411.271, -48.522, 0.111
48.243, 2387.025, -48.459, 0.124
48.743, 2362.809, -48.405, 0.109
49.243, 2338.621, -48.349, 0.112
49.743, 2314.460, -48.293, 0.112
50.243, 2290.332, -48.222, 0.141
50.743, 2266.235, -48.167, 0.112
51.243, 2242.165, -48.110, 0.113
51.743, 2218.125, -48.053, 0.114
52.243, 2194.112, -47.997, 0.113
52.743, 2170.130, -47.933, 0.126
53.243, 2146.182, -47.856, 0.154
53.743, 2122.267, -47.805, 0.103
54.243, 2098.378, -47.751, 0.109
54.743, 2074.516, -47.697, 0.108
55.243, 2050.682, -47.639, 0.115
55.743, 2026.876, -47.584, 0.111
56.243, 2003.101, -47.519, 0.129
56.743, 1979.355, -47.463, 0.113
57.243, 1955.638, -47.407, 0.111
57.743, 1931.949, -47.348, 0.119
58.243, 1908.289, -47.292, 0.111
58.743, 1884.657, -47.234, 0.118
59.243, 1861.055, -47.177, 0.114
59.743, 1837.482, -47.116, 0.122
60.243, 1813.937, -47.061, 0.109
60.743, 1790.422, -47.003, 0.117
61.243, 1766.934, -46.947, 0.111
61.743, 1743.474, -46.893, 0.109
62.243, 1720.042, -46.837, 0.112
62.743, 1696.637, -46.780, 0.113
63.243, 1673.261, -46.725, 0.110
63.743, 1649.913, -46.666, 0.118
64.243, 1626.594, -46.611, 0.112
64.743, 1603.302, -46.557, 0.107
65.243, 1580.039, -46.493, 0.128
65.743, 1556.806, -46.442, 0.103
66.243, 1533.599, -46.383, 0.117
66.743, 1510.421, -46.332, 0.104
67.243, 1487.268, -46.279, 0.104
67.743, 1464.142, -46.226, 0.106
68.243, 1441.042, -46.173, 0.107
68.743, 1417.969, -46.119, 0.107
69.243, 1394.923, -46.065, 0.109
69.743, 1371.904, -46.010, 0.109
70.243, 1348.913, -45.955, 0.110
70.743, 1325.948, -45.902, 0.107
71.243, 1303.011, -45.847, 0.109
71.743, 1280.101, -45.794, 0.105
72.243, 1257.217, -45.741, 0.107
72.743, 1234.360, -45.688, 0.106
73.243, 1211.529, -45.636, 0.104
73.743, 1188.724, -45.583, 0.105
74.243, 1165.946, -45.529, 0.109
74.743, 1143.196, -45.472, 0.113
75.243, 1120.473, -45.419, 0.107
75.743, 1097.778, -45.361, 0.116
76.243, 1075.110, -45.313, 0.096
76.743, 1052.465, -45.264, 0.097
77.243, 1029.846, -45.214, 0.100
77.743, 1007.252, -45.160, 0.108
78.230, 985.264, -45.103, 0.118
78.730, 962.725, -45.052, 0.102
79.230, 940.211, -45.004, 0.096
79.730, 917.721, -44.955, 0.098
80.230, 895.258, -44.897, 0.115
80.730, 872.823, -44.841, 0.112
81.230, 850.419, -44.777, 0.130
81.684, 830.118, -44.736, 0.089
82.184, 807.761, -44.689, 0.093
82.684, 785.428, -44.645, 0.090
83.184, 763.117, -44.599, 0.091
83.684, 740.829, -44.552, 0.093
84.184, 718.565, -44.505, 0.094
84.684, 696.325, -44.454, 0.102
85.184, 674.111, -44.402, 0.104
85.684, 651.922, -44.356, 0.093
86.184, 629.755, -44.309, 0.094
86.684, 607.613, -44.262, 0.093
87.184, 585.493, -44.216, 0.092
87.684, 563.397, -44.169, 0.095
88.184, 541.325, -44.119, 0.098
88.684, 519.280, -44.059, 0.122
89.184, 497.262, -44.014, 0.090
89.684, 475.268, -43.961, 0.105
90.184, 453.300, -43.914, 0.093
90.684, 431.354, -43.869, 0.091
91.184, 409.431, -43.820, 0.097
91.185, 409.388, -43.198, 622.654
91.186, 409.345, -42.593, 604.809
91.187, 409.303, -42.005, 587.721
91.188, 409.261, -41.434, 571.345
91.188, 409.220, -40.878, 555.644
91.189, 409.179, -40.338, 540.581
91.190, 409.139, -39.812, 526.121
91.191, 409.100, -39.299, 512.233
91.192, 409.061, -38.800, 498.886
91.193, 409.022, -38.314, 486.053
91.195, 408.984, -37.841, 473.708
91.196, 408.946, -37.379, 461.827
91.197, 408.909, -36.928, 450.385
91.198, 408.872, -36.489, 439.362
91.199, 408.836, -36.060, 428.738
91.200, 408.800, -35.642, 418.493
91.201, 408.765, -35.233, 408.610
91.201, 408.730, -34.834, 399.068
91.202, 408.695, -34.444, 389.850
91.203, 408.661, -34.063, 380.947
91.204, 408.627, -33.691, 372.344
91.205, 408.594, -33.327, 364.028
91.206, 408.560, -32.971, 355.986
91.207, 408.528, -32.623, 348.206
91.209, 408.495, -32.282, 340.677
91.210, 408.463, -31.949, 333.388
91.211, 408.431, -31.622, 326.330
91.212, 408.400, -31.303, 319.492
91.213, 408.369, -30.990, 312.865
91.214, 408.338, -30.684, 306.441
91.215, 408.307, -30.383, 300.211
91.215, 408.277, -30.089, 294.169
91.216, 408.247, -29.801, 288.305
91.217, 408.217, -29.518, 282.614
91.218, 408.188, -29.241, 277.089
91.219, 408.159, -28.969, 271.722
91.220, 408.130, -28.703, 266.509
91.221, 408.102, -28.441, 261.443
91.223, 408.073, -28.185, 256.519
91.224, 408.045, -27.933, 251.732
91.225, 408.017, -27.686, 247.076
91.226, 407.990, -27.444, 242.547
91.227, 407.962, -27.205, 238.141
91.228, 407.935, -26.972, 233.852
91.229, 407.909, -26.742, 229.676
91.229, 407.882, -26.516, 225.611
91.230, 407.855, -26.295, 221.652
91.231, 407.829, -26.077, 217.794
91.232, 407.803, -25.863, 214.036
91.233, 407.778, -25.653, 210.372
91.234, 407.752, -25.446, 206.801
91.235, 407.727, -25.242, 203.320
91.237, 407.702, -25.042, 199.924
91.238, 407.677, -24.846, 196.611
91.239, 407.652, -24.653, 193.380
91.240, 407.627, -24.462, 190.226
91.241, 407.603, -24.275, 187.148
91.242, 407.579, -24.091, 184.143
91.243, 407.555, -23.910, 181.209
91.243, 407.531, -23.731, 178.344
91.244, 407.507, -23.556, 175.544
91.245, 407.484, -23.383, 172.810
91.246, 407.461, -23.213, 170.138
91.247, 407.437, -23.045, 167.527
91.248, 407.414, -22.880, 164.974
91.249, 407.392, -22.718, 162.479
91.251, 407.369, -22.558, 160.038
91.252, 407.347, -22.400, 157.656
91.253, 407.324, -22.245, 155.329
91.254, 407.302, -22.092, 153.052
91.255, 407.280, -21.941, 150.825
91.256, 407.258, -21.792, 148.646
91.257, 407.237, -21.646, 146.513
91.257, 407.215, -21.501, 144.425
91.258, 407.194, -21.359, 142.381
91.259, 407.172, -21.219, 140.380
91.260, 407.151, -21.080, 138.420
91.261, 407.130, -20.944, 136.500
91.262, 407.109, -20.809, 134.620
91.263, 407.088, -20.676, 132.777
91.265, 407.068, -20.545, 130.973
91.266, 407.047, -20.416, 129.204
91.267, 407.027, -20.289, 127.470
91.268, 407.007, -20.163, 125.771
91.269, 406.987, -20.039, 124.105
91.270, 406.967, -19.916, 122.471
91.271, 406.947, -19.795, 120.869
91.271, 406.927, -19.676, 119.299
91.272, 406.907, -19.559, 117.758
91.273, 406.888, -19.442, 116.246
91.274, 406.868, -19.327, 114.764
91.275, 406.849, -19.214, 113.309
91.276, 406.830, -19.102, 111.881
91.277, 406.811, -18.992, 110.480
91.279, 406.792, -18.883, 109.104
91.280, 406.773, -18.775, 107.755
91.281, 406.755, -18.669, 106.429
91.282, 406.736, -18.563, 105.128
91.283, 406.717, -18.459, 103.850
91.284, 406.699, -18.357, 102.595
91.285, 406.681, -18.256, 101.362
91.285, 406.663, -18.155, 100.152
91.286, 406.644, -18.056, 98.962
91.287, 406.626, -17.959, 97.794
91.288, 406.608, -17.862, 96.646
91.289, 406.591, -17.767, 95.518
91.290, 406.573, -17.672, 94.409
91.291, 406.555, -17.579, 93.319
91.293, 406.538, -17.486, 92.248
91.294, 406.520, -17.395, 91.195
91.295, 406.503, -17.305, 90.160
91.296, 406.486, -17.216, 89.142
91.297, 406.469, -17.128, 88.141
91.298, 406.451, -17.040, 87.157
91.299, 406.434, -16.951, 86.177
91.300, 406.416, -16.862, 85.197
91.301, 406.398, -16.772, 84.217
91.302, 406.380, -16.683, 83.223
91.303, 406.362, -16.595, 82.233
91.304, 406.345, -16.507, 81.262
91.305, 406.326, -16.418, 80.291
91.306, 406.308, -16.329, 79.321
91.307, 406.289, -16.240, 78.350
91.308, 406.271, -16.149, 77.380
91.310, 406.251, -16.059, 76.410
91.311, 406.232, -15.968, 75.440
91.312, 406.212, -15.876, 74.470
91.313, 406.193, -15.784, 73.501
91.315, 406.173, -15.691, 72.532
91.316, 406.152, -15.598, 71.563
91.317, 406.132, -15.505, 70.594
91.318, 406.111, -15.410, 69.626
91.320, 406.089, -15.316, 68.657
91.321, 406.068, -15.220, 67.689
91.323, 406.046, -15.124, 66.722
91.324, 406.024, -15.028, 65.755
91.326, 406.001, -14.931, 64.787
91.327, 405.979, -14.833, 63.821
91.329, 405.956, -14.734, 62.854
91.330, 405.932, -14.635, 61.888
91.332, 405.908, -14.536, 60.922
91.334, 405.884, -14.436, 59.957
91.335, 405.859, -14.335, 58.992
91.337, 405.834, -14.233, 58.027
91.339, 405.809, -14.130, 57.062
91.341, 405.783, -14.027, 56.098
91.343, 405.757, -13.924, 55.134
91.345, 405.730, -13.819, 54.171
91.347, 405.703, -13.714, 53.208
91.349, 405.675, -13.608, 52.246
91.351, 405.647, -13.501, 51.284
91.353, 405.618, -13.392, 50.325
91.355, 405.588, -13.281, 49.363
91.357, 405.557, -13.170, 48.391
91.360, 405.526, -13.058, 47.420
91.362, 405.495, -12.944, 46.450
91.365, 405.462, -12.830, 45.480
91.367, 405.429, -12.715, 44.510
91.370, 405.395, -12.599, 43.542
91.373, 405.361, -12.482, 42.573
91.376, 405.326, -12.363, 41.606
91.379, 405.289, -12.244, 40.639
91.382, 405.253, -12.124, 39.672
91.385, 405.215, -12.002, 38.707
91.388, 405.176, -11.880, 37.742
91.391, 405.136, -11.756, 36.778
91.395, 405.095, -11.631, 35.814
91.398, 405.053, -11.505, 34.852
91.402, 405.010, -11.377, 33.890
91.406, 404.966, -11.249, 32.926
91.410, 404.921, -11.121, 31.968
91.414, 404.875, -10.991, 31.016
91.419, 404.827, -10.860, 30.065
91.423, 404.778, -10.727, 29.115
91.428, 404.728, -10.593, 28.167
91.433, 404.675, -10.457, 27.219
91.438, 404.621, -10.320, 26.273
91.444, 404.565, -10.181, 25.329
91.449, 404.506, -10.040, 24.386
91.455, 404.446, -9.898, 23.445
91.462, 404.382, -9.753, 22.508
91.469, 404.316, -9.605, 21.565
91.476, 404.247, -9.456, 20.624
91.484, 404.175, -9.305, 19.685
91.492, 404.099, -9.151, 18.749
91.501, 404.020, -8.996, 17.814
91.510, 403.937, -8.838, 16.883
91.520, 403.849, -8.677, 15.957
91.531, 403.755, -8.514, 15.029
91.543, 403.656, -8.348, 14.105
91.555, 403.550, -8.179, 13.185
91.568, 403.445, -8.020, 12.253
91.580, 403.352, -7.887, 11.384
91.593, 403.251, -7.748, 10.683
91.607, 403.142, -7.607, 9.987
91.627, 402.993, -7.423, 9.277
91.646, 402.858, -7.269, 8.351
91.666, 402.707, -7.110, 7.605
91.693, 402.518, -6.925, 6.852
91.725, 402.305, -6.738, 6.005
91.760, 402.072, -6.556, 5.174
91.804, 401.785, -6.362, 4.383
91.836, 401.586, -6.250, 3.540
91.881, 401.307, -6.111, 3.101
91.916, 401.094, -6.016, 2.673
91.998, 400.606, -5.823, 2.350
92.087, 400.096, -5.687, 1.532
92.137, 399.812, -5.644, 0.863
92.205, 399.430, -5.596, 0.708
92.296, 398.925, -5.548, 0.525
92.416, 398.261, -5.505, 0.357
92.459, 398.022, -5.486, 0.443
92.546, 397.547, -5.444, 0.486
92.576, 397.386, -5.445, -0.029
92.618, 397.155, -5.445, -0.006
92.644, 397.015, -5.439, 0.219
92.663, 396.910, -5.429, 0.518
92.733, 396.531, -5.400, 0.414
92.758, 396.396, -5.404, -0.168
92.795, 396.199, -5.411, -0.168
92.866, 395.815, -5.419, -0.126
92.920, 395.521, -5.424, -0.091
93.062, 394.750, -5.438, -0.092
93.173, 394.147, -5.430, 0.072
93.225, 393.865, -5.433, -0.061
93.292, 393.498, -5.437, -0.064
93.359, 393.134, -5.435, 0.023
93.387, 392.984, -5.421, 0.515
93.409, 392.862, -5.417, 0.170
93.451, 392.635, -5.415, 0.054
93.911, 390.148, -5.401, 0.031
94.209, 388.533, -5.452, -0.172
94.287, 388.105, -5.409, 0.544
94.325, 387.905, -5.411, -0.042
94.415, 387.415, -5.408, 0.026
94.526, 386.812, -5.419, -0.094
94.642, 386.186, -5.431, -0.108
94.692, 385.917, -5.421, 0.202
94.709, 385.822, -5.423, -0.086
94.760, 385.545, -5.426, -0.058
94.818, 385.228, -5.431, -0.082
94.964, 384.437, -5.438, -0.055
95.095, 383.723, -5.440, -0.013
95.133, 383.521, -5.414, 0.697
95.156, 383.392, -5.409, 0.205
95.185, 383.235, -5.409, 0.027
95.685, 380.534, -5.397, 0.023
95.890, 379.424, -5.430, -0.160
96.026, 378.691, -5.409, 0.153
96.074, 378.427, -5.415, -0.112
96.138, 378.083, -5.422, -0.114
96.353, 376.916, -5.441, -0.087
96.469, 376.282, -5.427, 0.113
96.969, 373.581, -5.374, 0.106
97.039, 373.209, -5.315, 0.850
97.067, 373.061, -5.317, -0.050
97.085, 372.963, -5.323, -0.348
97.105, 372.859, -5.331, -0.421
97.137, 372.685, -5.345, -0.405
97.181, 372.450, -5.359, -0.337
97.339, 371.602, -5.406, -0.299
97.426, 371.131, -5.410, -0.036
97.477, 370.854, -5.393, 0.315
97.531, 370.562, -5.391, 0.049
97.604, 370.173, -5.397, -0.087
98.104, 367.469, -5.421, -0.047
98.604, 364.779, -5.337, 0.168
98.730, 364.100, -5.367, -0.243
98.883, 363.282, -5.365, 0.017
99.061, 362.325, -5.392, -0.151
99.256, 361.270, -5.423, -0.159
99.402, 360.477, -5.430, -0.049
99.490, 360.001, -5.429, 0.007
99.552, 359.661, -5.431, -0.039
99.766, 358.501, -5.439, -0.037
99.921, 357.660, -5.428, 0.074
99.994, 357.264, -5.394, 0.462
100.141, 356.472, -5.360, 0.232
100.172, 356.304, -5.364, -0.128
100.419, 354.977, -5.387, -0.093
100.499, 354.545, -5.397, -0.122
100.527, 354.395, -5.397, -0.012
101.027, 351.695, -5.403, -0.012
101.124, 351.174, -5.364, 0.406
101.202, 350.753, -5.365, -0.014
101.702, 348.071, -5.364, 0.001
101.838, 347.345, -5.387, -0.172
101.897, 347.023, -5.364, 0.383
101.946, 346.760, -5.364, 0.012
101.979, 346.588, -5.371, -0.227
102.015, 346.391, -5.380, -0.240
102.062, 346.136, -5.388, -0.178
102.135, 345.745, -5.394, -0.076
102.443, 344.080, -5.401, -0.022
102.511, 343.715, -5.383, 0.261
102.537, 343.574, -5.358, 0.942
102.566, 343.421, -5.342, 0.583
102.618, 343.146, -5.323, 0.369
102.659, 342.927, -5.324, -0.025
102.688, 342.769, -5.332, -0.294
102.746, 342.462, -5.343, -0.178
102.920, 341.530, -5.356, -0.079
102.986, 341.176, -5.375, -0.282
103.073, 340.707, -5.393, -0.213
103.546, 338.138, -5.465, -0.152
103.639, 337.634, -5.372, 1.009
103.735, 337.126, -5.275, 1.015
103.878, 336.379, -5.198, 0.539
103.917, 336.172, -5.224, -0.659
103.979, 335.848, -5.266, -0.670
104.007, 335.701, -5.268, -0.078
104.147, 334.961, -5.270, -0.017
104.206, 334.651, -5.300, -0.511
104.267, 334.325, -5.329, -0.477
104.305, 334.122, -5.337, -0.210
104.624, 332.413, -5.389, -0.162
104.673, 332.149, -5.355, 0.692
104.704, 331.981, -5.350, 0.152
104.727, 331.860, -5.354, -0.154
104.744, 331.768, -5.352, 0.131
104.761, 331.679, -5.345, 0.403
104.880, 331.045, -5.294, 0.423
104.946, 330.698, -5.308, -0.206
105.016, 330.323, -5.332, -0.333
105.059, 330.096, -5.347, -0.364
105.101, 329.871, -5.357, -0.240
105.138, 329.669, -5.358, -0.022
105.247, 329.085, -5.352, 0.055
105.354, 328.514, -5.320, 0.293
105.431, 328.108, -5.332, -0.148
105.493, 327.774, -5.320, 0.180
105.993, 325.136, -5.233, 0.176
106.067, 324.750, -5.248, -0.205
106.424, 322.869, -5.285, -0.105
106.692, 321.444, -5.365, -0.300
107.188, 318.767, -5.420, -0.110
107.384, 317.704, -5.419, 0.006
107.884, 314.995, -5.419, -0.001
108.022, 314.250, -5.377, 0.305
108.080, 313.936, -5.387, -0.181
108.123, 313.709, -5.392, -0.100
108.305, 312.723, -5.403, -0.060
108.386, 312.286, -5.406, -0.040
108.686, 310.668, -5.405, 0.003
108.791, 310.102, -5.339, 0.632
108.824, 309.928, -5.347, -0.272
108.970, 309.142, -5.386, -0.260
109.315, 307.275, -5.436, -0.147
109.815, 304.563, -5.410, 0.053
110.315, 301.854, -5.428, -0.036
110.815, 299.141, -5.424, 0.007
111.268, 296.687, -5.405, 0.043
111.346, 296.269, -5.338, 0.869
111.451, 295.712, -5.291, 0.449
111.479, 295.563, -5.304, -0.460
111.577, 295.043, -5.345, -0.428
111.683, 294.474, -5.368, -0.210
112.183, 291.772, -5.438, -0.140
112.260, 291.354, -5.351, 1.115
112.295, 291.171, -5.345, 0.198
112.342, 290.918, -5.344, 0.006
112.363, 290.805, -5.350, -0.281
112.396, 290.631, -5.358, -0.253
112.442, 290.384, -5.366, -0.169
112.481, 290.173, -5.374, -0.205
112.981, 287.464, -5.462, -0.176
113.481, 284.756, -5.372, 0.180
113.564, 284.310, -5.300, 0.864
113.618, 284.029, -5.239, 1.151
113.633, 283.950, -5.241, -0.131
113.652, 283.852, -5.247, -0.322
113.674, 283.733, -5.257, -0.469
114.058, 281.685, -5.426, -0.442
114.314, 280.295, -5.421, 0.023
114.431, 279.659, -5.399, 0.184
114.544, 279.052, -5.361, 0.333
114.947, 276.903, -5.300, 0.151
115.038, 276.422, -5.326, -0.283
115.187, 275.625, -5.367, -0.276
115.277, 275.143, -5.353, 0.153
115.304, 274.996, -5.360, -0.219
115.354, 274.731, -5.370, -0.214
115.395, 274.510, -5.374, -0.106
115.414, 274.409, -5.368, 0.341
115.440, 274.269, -5.354, 0.519
115.471, 274.104, -5.332, 0.729
115.548, 273.695, -5.290, 0.541
115.605, 273.394, -5.288, 0.032
115.658, 273.110, -5.300, -0.222
115.792, 272.400, -5.335, -0.258
115.892, 271.861, -5.364, -0.288
116.392, 269.156, -5.458, -0.189
116.763, 267.149, -5.356, 0.277
116.878, 266.538, -5.366, -0.092
116.919, 266.314, -5.371, -0.119
116.962, 266.087, -5.369, 0.051
117.193, 264.847, -5.350, 0.080
117.389, 263.795, -5.384, -0.173
117.507, 263.160, -5.396, -0.101
118.007, 260.455, -5.425, -0.058
118.195, 259.443, -5.334, 0.483
118.260, 259.094, -5.352, -0.285
118.400, 258.341, -5.384, -0.224
118.485, 257.885, -5.381, 0.039
118.624, 257.135, -5.389, -0.057
118.661, 256.938, -5.380, 0.239
118.747, 256.475, -5.353, 0.311
118.782, 256.292, -5.360, -0.201
118.815, 256.113, -5.362, -0.062
118.866, 255.836, -5.359, 0.062
118.918, 255.560, -5.365, -0.116
118.950, 255.390, -5.370, -0.171
119.036, 254.924, -5.384, -0.158
119.075, 254.717, -5.379, 0.133
119.351, 253.238, -5.339, 0.145
119.420, 252.869, -5.348, -0.137
119.458, 252.664, -5.338, 0.285
119.556, 252.143, -5.323, 0.151
119.617, 251.816, -5.336, -0.216
120.117, 249.128, -5.415, -0.158
120.617, 246.443, -5.323, 0.183
121.117, 243.791, -5.286, 0.074
121.172, 243.505, -5.231, 1.015
121.243, 243.135, -5.153, 1.102
121.273, 242.980, -5.149, 0.112
121.536, 241.626, -5.132, 0.067
121.601, 241.294, -5.193, -0.946
121.654, 241.019, -5.223, -0.570
121.682, 240.873, -5.223, -0.008
121.732, 240.607, -5.231, -0.158
122.142, 238.456, -5.272, -0.101
122.195, 238.178, -5.254, 0.334
122.242, 237.930, -5.256, -0.038
122.264, 237.814, -5.266, -0.471
122.357, 237.324, -5.309, -0.461
122.442, 236.873, -5.323, -0.156
122.504, 236.540, -5.340, -0.289
123.004, 233.843, -5.451, -0.220
123.460, 231.390, -5.318, 0.291
123.960, 228.699, -5.446, -0.257
124.273, 227.012, -5.306, 0.447
124.337, 226.673, -5.312, -0.094
124.355, 226.576, -5.317, -0.269
124.375, 226.474, -5.319, -0.101
124.480, 225.915, -5.325, -0.058
124.638, 225.072, -5.350, -0.159
124.700, 224.736, -5.360, -0.163
124.733, 224.560, -5.354, 0.197
124.812, 224.139, -5.347, 0.083
124.874, 223.806, -5.356, -0.148
124.909, 223.622, -5.349, 0.213
124.953, 223.385, -5.332, 0.391
124.978, 223.250, -5.310, 0.855
125.064, 222.797, -5.250, 0.699
125.239, 221.884, -5.183, 0.380
125.282, 221.659, -5.216, -0.752
125.386, 221.115, -5.285, -0.665
125.522, 220.390, -5.343, -0.425
126.022, 217.691, -5.454, -0.222
126.204, 216.706, -5.355, 0.542
126.674, 214.209, -5.275, 0.170
126.763, 213.738, -5.287, -0.135
126.877, 213.136, -5.316, -0.252
126.960, 212.692, -5.341, -0.304
127.039, 212.273, -5.350, -0.112
127.086, 212.019, -5.338, 0.252
127.321, 210.774, -5.276, 0.264
127.458, 210.048, -5.318, -0.308
127.605, 209.264, -5.316, 0.013
127.639, 209.085, -5.321, -0.136
127.848, 207.972, -5.352, -0.147
127.931, 207.523, -5.364, -0.146
128.245, 205.840, -5.388, -0.078
128.335, 205.352, -5.368, 0.223
128.486, 204.545, -5.324, 0.292
128.674, 203.542, -5.330, -0.030
128.765, 203.059, -5.353, -0.254
129.058, 201.483, -5.400, -0.161
129.217, 200.626, -5.385, 0.094
129.717, 197.942, -5.350, 0.069
129.882, 197.059, -5.362, -0.068
130.096, 195.912, -5.339, 0.103
130.591, 193.265, -5.364, -0.050
131.063, 190.720, -5.408, -0.092
131.385, 188.982, -5.387, 0.063
131.885, 186.290, -5.381, 0.014
132.033, 185.500, -5.348, 0.225
132.124, 185.009, -5.360, -0.137
132.167, 184.778, -5.348, 0.275
132.324, 183.944, -5.321, 0.171
132.567, 182.647, -5.334, -0.052
132.691, 181.983, -5.361, -0.220
132.755, 181.645, -5.359, 0.043
132.800, 181.399, -5.344, 0.330
132.819, 181.298, -5.325, 0.988
132.861, 181.075, -5.292, 0.790
132.916, 180.788, -5.267, 0.456
132.960, 180.556, -5.265, 0.032
132.986, 180.417, -5.274, -0.332
133.072, 179.961, -5.296, -0.250
133.147, 179.568, -5.290, 0.073
133.526, 177.562, -5.287, 0.008
133.631, 177.005, -5.324, -0.352
133.729, 176.480, -5.348, -0.246
133.823, 175.981, -5.361, -0.134
133.888, 175.629, -5.354, 0.109
133.929, 175.413, -5.334, 0.476
133.960, 175.248, -5.332, 0.088
133.985, 175.112, -5.335, -0.135
134.051, 174.760, -5.340, -0.066
134.109, 174.449, -5.329, 0.176
134.609, 171.804, -5.250, 0.159
134.686, 171.399, -5.243, 0.090
134.769, 170.967, -5.257, -0.174
134.817, 170.715, -5.241, 0.338
135.317, 168.131, -5.096, 0.290
135.615, 166.585, -5.276, -0.604
135.765, 165.787, -5.330, -0.362
136.223, 163.327, -5.418, -0.192
136.314, 162.837, -5.341, 0.850
136.426, 162.244, -5.246, 0.842
136.531, 161.698, -5.221, 0.242
136.567, 161.506, -5.240, -0.500
136.691, 160.852, -5.298, -0.474
137.057, 158.893, -5.406, -0.294
137.427, 156.910, -5.333, 0.198
137.529, 156.364, -5.334, -0.016
137.602, 155.972, -5.347, -0.180
137.642, 155.759, -5.350, -0.063
137.672, 155.600, -5.354, -0.138
138.172, 152.907, -5.416, -0.123
138.239, 152.551, -5.292, 1.868
138.277, 152.348, -5.255, 0.949
138.296, 152.250, -5.251, 0.205
138.317, 152.139, -5.252, -0.048
138.398, 151.710, -5.261, -0.108
138.425, 151.570, -5.273, -0.449
138.459, 151.391, -5.285, -0.353
138.510, 151.119, -5.296, -0.221
138.633, 150.469, -5.326, -0.243
138.680, 150.220, -5.332, -0.129
138.733, 149.937, -5.342, -0.187
138.826, 149.436, -5.352, -0.109
138.892, 149.083, -5.342, 0.154
139.029, 148.356, -5.311, 0.230
139.100, 147.980, -5.326, -0.221
139.145, 147.737, -5.335, -0.202
139.173, 147.586, -5.334, 0.040
139.210, 147.393, -5.327, 0.208
139.279, 147.024, -5.305, 0.315
139.360, 146.594, -5.302, 0.034
139.860, 143.948, -5.280, 0.045
139.968, 143.380, -5.300, -0.186
140.468, 140.716, -5.353, -0.107
140.566, 140.191, -5.322, 0.318
140.625, 139.877, -5.329, -0.121
140.685, 139.556, -5.340, -0.189
140.732, 139.306, -5.340, -0.008
140.923, 138.286, -5.334, 0.036
140.967, 138.052, -5.330, 0.095
141.467, 135.397, -5.290, 0.080
141.967, 132.761, -5.253, 0.072
142.040, 132.376, -5.238, 0.214
142.088, 132.129, -5.248, -0.232
142.194, 131.570, -5.259, -0.095
142.225, 131.410, -5.229, 0.967
142.559, 129.711, -4.934, 0.882
142.615, 129.433, -5.020, -1.530
142.733, 128.830, -5.170, -1.265
142.937, 127.758, -5.324, -0.755
143.005, 127.401, -5.312, 0.178
143.035, 127.238, -5.319, -0.225
143.126, 126.757, -5.334, -0.171
143.626, 124.078, -5.383, -0.097
143.885, 122.683, -5.373, 0.038
144.385, 119.994, -5.383, -0.021
144.885, 117.313, -5.340, 0.087
145.011, 116.642, -5.312, 0.225
145.190, 115.689, -5.315, -0.019
145.261, 115.313, -5.269, 0.644
145.300, 115.108, -5.269, -0.001
145.523, 113.933, -5.279, -0.042
145.594, 113.558, -5.303, -0.346
146.094, 110.874, -5.434, -0.262
146.286, 109.836, -5.352, 0.429
146.334, 109.583, -5.347, 0.089
146.361, 109.437, -5.334, 0.471
146.413, 109.163, -5.305, 0.579
146.470, 108.860, -5.291, 0.238
146.604, 108.149, -5.279, 0.088
146.662, 107.845, -5.298, -0.331
146.806, 107.080, -5.332, -0.232
147.122, 105.383, -5.378, -0.146
147.458, 103.587, -5.340, 0.111
147.605, 102.797, -5.354, -0.090
147.751, 102.020, -5.341, 0.089
147.824, 101.627, -5.350, -0.121
147.901, 101.218, -5.354, -0.054
148.047, 100.434, -5.364, -0.069
148.237, 99.413, -5.369, -0.025
148.288, 99.141, -5.345, 0.464
148.489, 98.071, -5.280, 0.327
148.544, 97.785, -5.297, -0.319
148.675, 97.088, -5.326, -0.223
149.175, 94.414, -5.373, -0.094
149.244, 94.044, -5.230, 2.056
149.257, 93.980, -5.231, -0.134
149.280, 93.858, -5.237, -0.246
149.603, 92.151, -5.315, -0.242
149.760, 91.316, -5.347, -0.204
149.823, 90.981, -5.336, 0.173
149.844, 90.868, -5.339, -0.107
149.863, 90.764, -5.338, 0.025
149.897, 90.583, -5.334, 0.130
149.949, 90.308, -5.320, 0.261
149.960, 90.247, -5.321, -0.055
150.021, 89.925, -5.326, -0.080
150.076, 89.632, -5.334, -0.159
150.398, 87.910, -5.377, -0.132
150.517, 87.272, -5.331, 0.389
150.640, 86.616, -5.326, 0.035
151.033, 84.529, -5.295, 0.080
151.118, 84.079, -5.294, 0.014
151.465, 82.238, -5.307, -0.040
151.502, 82.045, -5.251, 1.539
151.513, 81.987, -5.224, 2.472
151.524, 81.926, -5.200, 2.081
151.537, 81.860, -5.178, 1.709
151.551, 81.787, -5.159, 1.344
151.567, 81.704, -5.143, 0.997
151.592, 81.576, -5.124, 0.741
151.620, 81.432, -5.113, 0.394
151.718, 80.936, -5.087, 0.270
151.805, 80.493, -5.101, -0.157
151.846, 80.281, -5.129, -0.677
151.890, 80.057, -5.144, -0.357
152.003, 79.472, -5.190, -0.406
152.072, 79.111, -5.229, -0.564
152.140, 78.755, -5.263, -0.499
152.589, 76.352, -5.433, -0.379
152.715, 75.674, -5.341, 0.730
152.773, 75.366, -5.342, -0.012
153.273, 72.693, -5.349, -0.014
153.570, 71.101, -5.365, -0.054
153.828, 69.717, -5.359, 0.021
153.926, 69.197, -5.313, 0.475
153.953, 69.052, -5.318, -0.188
154.146, 68.023, -5.350, -0.165
154.646, 65.341, -5.377, -0.054
155.146, 62.662, -5.340, 0.074
155.646, 59.981, -5.382, -0.084
155.746, 59.449, -5.274, 1.081
155.767, 59.339, -5.281, -0.310
155.957, 58.326, -5.336, -0.291
156.325, 56.358, -5.371, -0.095
156.825, 53.677, -5.352, 0.038
157.171, 51.830, -5.312, 0.116
157.671, 49.170, -5.331, -0.037
157.783, 48.577, -5.301, 0.264
157.952, 47.678, -5.297, 0.024
157.978, 47.544, -5.246, 2.019
157.992, 47.469, -5.227, 1.279
158.009, 47.379, -5.211, 0.950
158.037, 47.236, -5.192, 0.701
158.088, 46.973, -5.168, 0.472
158.141, 46.699, -5.130, 0.708
158.188, 46.457, -5.119, 0.237
158.243, 46.178, -5.093, 0.483
158.298, 45.897, -5.088, 0.091
158.336, 45.706, -5.101, -0.367
158.365, 45.558, -5.120, -0.651
158.531, 44.697, -5.224, -0.623
158.629, 44.181, -5.271, -0.478
158.677, 43.931, -5.280, -0.182
158.803, 43.262, -5.291, -0.087
159.024, 42.096, -5.275, 0.068
159.119, 41.600, -5.213, 0.657
159.176, 41.301, -5.156, 0.995
159.207, 41.140, -5.148, 0.236
159.233, 41.010, -5.152, -0.151
159.270, 40.817, -5.164, -0.319
159.308, 40.621, -5.183, -0.499
159.351, 40.399, -5.207, -0.568
159.423, 40.023, -5.246, -0.530
159.567, 39.264, -5.297, -0.360
160.067, 36.591, -5.392, -0.190
160.567, 33.926, -5.267, 0.250
160.822, 32.573, -5.348, -0.317
161.118, 30.987, -5.352, -0.015
161.443, 29.249, -5.353, -0.001
161.943, 26.573, -5.348, 0.010
162.443, 23.903, -5.334, 0.026
162.832, 21.824, -5.360, -0.065
163.127, 20.247, -5.315, 0.149
163.315, 19.245, -5.341, -0.135
163.433, 18.615, -5.330, 0.088
163.478, 18.378, -5.331, -0.025
163.558, 17.949, -5.337, -0.063
163.672, 17.342, -5.343, -0.053
164.172, 14.667, -5.356, -0.028
164.399, 13.456, -5.313, 0.191
164.899, 10.809, -5.276, 0.075
165.068, 9.915, -5.315, -0.230
165.326, 8.540, -5.319, -0.017
165.417, 8.060, -5.259, 0.660
165.450, 7.885, -5.265, -0.189
165.479, 7.734, -5.273, -0.292
165.563, 7.293, -5.296, -0.273
165.633, 6.918, -5.306, -0.138
166.133, 4.253, -5.353, -0.093
166.633, 1.594, -5.283, 0.139
166.743, 1.014, -5.263, 0.182
166.777, 0.837, -5.273, -0.301
166.838, 0.515, -5.290, -0.264
166.877, 0.307, -5.295, -0.128
166.935, 0.000, 0.000, 0.000
