0.000,-0.503,-10.056,0.000
-0.025,-0.982,-9.579,0.050
-0.074,-1.462,-9.598,0.100
-0.147,-1.922,-9.198,0.150
-0.243,-2.433,-10.220,0.200
-0.365,-2.926,-9.866,0.250
-0.511,-3.461,-10.709,0.300
-0.684,-3.963,-10.030,0.350
-0.883,-4.445,-9.634,0.400
-1.105,-4.956,-10.226,0.450
-1.353,-5.445,-9.774,0.500
-1.625,-5.939,-9.881,0.550
-1.922,-6.429,-9.800,0.600
-2.243,-6.929,-10.001,0.650
-2.590,-7.431,-10.048,0.700
-2.961,-7.924,-9.863,0.750
-3.357,-8.410,-9.711,0.800
-3.778,-8.917,-10.153,0.850
-4.224,-9.405,-9.746,0.900
-4.694,-9.896,-9.825,0.950
-5.189,-10.361,-9.303,1.000
-5.707,-10.854,-9.857,1.050
-6.249,-11.356,-10.045,1.100
-6.817,-11.804,-8.955,1.150
-7.407,-12.340,-10.716,1.200
-8.024,-12.805,-9.309,1.250
-8.665,-13.278,-9.462,1.300
-9.329,-13.793,-10.302,1.350
-10.018,-14.259,-9.305,1.400
-10.731,-14.741,-9.643,1.450
-11.468,-15.240,-9.983,1.500
-12.230,-15.756,-10.328,1.550
-13.018,-16.234,-9.557,1.600
-13.830,-16.740,-10.125,1.650
-14.667,-17.262,-10.426,1.700
-15.530,-17.760,-9.968,1.750
-16.418,-18.261,-10.016,1.800
-17.331,-18.750,-9.780,1.850
-18.269,-19.244,-9.889,1.900
-19.231,-19.708,-9.273,1.950
-20.216,-20.183,-9.498,2.000
-21.225,-20.677,-9.887,2.050
-22.259,-21.188,-10.216,2.100
-23.319,-21.652,-9.278,2.150
-24.401,-22.125,-9.459,2.200
-25.507,-22.556,-8.622,2.250
-26.635,-23.041,-9.692,2.300
-27.787,-23.494,-9.076,2.350
-28.962,-23.975,-9.604,2.400
-30.161,-24.463,-9.772,2.450
-31.384,-24.988,-10.485,2.500
-32.633,-25.462,-9.487,2.550
-33.906,-25.971,-10.187,2.600
-35.205,-26.473,-10.040,2.650
-36.529,-26.965,-9.829,2.700
-37.877,-27.461,-9.933,2.750
-39.250,-27.987,-10.509,2.800
-40.649,-28.495,-10.166,2.850
-42.074,-28.965,-9.394,2.900
-43.522,-29.440,-9.507,2.950
-44.994,-29.915,-9.498,3.000
-46.490,-30.402,-9.732,3.050
-48.010,-30.877,-9.514,3.100
-49.554,-31.362,-9.702,3.150
-51.122,-31.857,-9.885,3.200
-52.715,-32.321,-9.289,3.250
-54.331,-32.817,-9.920,3.300
-55.972,-33.325,-10.154,3.350
-57.638,-33.788,-9.268,3.400
-59.327,-34.251,-9.258,3.450
-61.040,-34.777,-10.514,3.500
-62.779,-35.253,-9.525,3.550
-64.541,-35.789,-10.724,3.600
-66.331,-36.256,-9.332,3.650
-68.144,-36.767,-10.228,3.700
-69.982,-37.240,-9.459,3.750
-71.844,-37.744,-10.085,3.800
-73.731,-38.228,-9.661,3.850
-75.643,-38.749,-10.427,3.900
-77.580,-39.246,-9.936,3.950
-79.542,-39.738,-9.837,4.000
-81.529,-40.207,-9.380,4.050
-83.540,-40.657,-9.008,4.100
-85.572,-41.134,-9.550,4.150
-87.629,-41.618,-9.677,4.200
-89.710,-42.132,-10.270,4.250
-91.817,-42.654,-10.444,4.300
-93.949,-43.140,-9.725,4.350
-96.106,-43.628,-9.749,4.400
-98.288,-44.105,-9.538,4.450
-100.493,-44.579,-9.495,4.500
-102.722,-45.062,-9.649,4.550
-104.975,-45.585,-10.466,4.600
-107.254,-46.056,-9.411,4.650
-109.557,-46.548,-9.857,4.700
-111.885,-47.060,-10.237,4.750
-114.238,-47.560,-9.995,4.800
-116.616,-48.082,-10.436,4.850
-119.020,-48.580,-9.964,4.900
-121.449,-49.054,-9.474,4.950
-123.901,-49.552,-9.957,5.000
-126.379,-50.061,-10.195,5.050
-128.882,-50.558,-9.925,5.100
-131.410,-51.038,-9.604,5.150
-133.962,-51.559,-10.413,5.200
-136.540,-52.072,-10.266,5.250
-139.143,-52.559,-9.753,5.300
-141.771,-53.078,-10.369,5.350
-144.425,-53.525,-8.940,5.400
-147.101,-54.019,-9.879,5.450
-149.802,-54.530,-10.216,5.500
-152.529,-55.038,-10.176,5.550
-155.281,-55.540,-10.026,5.600
-158.058,-56.043,-10.065,5.650
-160.860,-56.580,-10.745,5.700
-163.689,-57.042,-9.245,5.750
-166.541,-57.533,-9.817,5.800
-169.418,-58.024,-9.822,5.850
-172.319,-58.497,-9.444,5.900
-175.244,-59.011,-10.282,5.950
-178.194,-59.518,-10.149,6.000
-181.170,-59.998,-9.605,6.050
-184.170,-60.490,-9.839,6.100
-187.195,-60.973,-9.656,6.150
-190.243,-61.465,-9.846,6.200
-193.317,-61.961,-9.918,6.250
-196.415,-62.420,-9.169,6.300
-199.536,-62.886,-9.333,6.350
-202.680,-63.433,-10.927,6.400
-205.852,-63.890,-9.148,6.450
-209.046,-64.332,-8.845,6.500
-212.263,-64.795,-9.259,6.550
-215.502,-65.291,-9.906,6.600
-218.767,-65.797,-10.118,6.650
-222.057,-66.271,-9.485,6.700
-225.370,-66.775,-10.087,6.750
-228.709,-67.258,-9.651,6.800
-232.072,-67.749,-9.820,6.850
-235.459,-68.212,-9.265,6.900
-238.870,-68.711,-9.984,6.950
-242.306,-69.212,-10.008,7.000
-245.766,-69.694,-9.641,7.050
-249.251,-70.141,-8.945,7.100
-252.758,-70.630,-9.774,7.150
-256.289,-71.129,-9.996,7.200
-259.846,-71.601,-9.427,7.250
-263.426,-72.075,-9.489,7.300
-267.030,-72.587,-10.236,7.350
-270.659,-73.089,-10.050,7.400
-274.313,-73.555,-9.320,7.450
-277.991,-74.036,-9.619,7.500
-281.693,-74.582,-10.914,7.550
-285.422,-75.062,-9.594,7.600
-289.175,-75.532,-9.396,7.650
-292.952,-76.041,-10.185,7.700
-296.754,-76.516,-9.507,7.750
-300.580,-76.965,-8.973,7.800
-304.428,-77.446,-9.633,7.850
-308.300,-77.951,-10.090,7.900
-312.198,-78.453,-10.044,7.950
-316.120,-78.943,-9.804,8.000
-320.068,-79.425,-9.641,8.050
-324.039,-79.914,-9.782,8.100
-328.035,-80.394,-9.586,8.150
-332.054,-80.888,-9.876,8.200
-336.099,-81.374,-9.729,8.250
-340.167,-81.843,-9.379,8.300
-344.259,-82.357,-10.286,8.350
-348.377,-82.845,-9.761,8.400
-352.520,-83.333,-9.763,8.450
-356.686,-83.803,-9.398,8.500
-360.876,-84.299,-9.911,8.550
-365.091,-84.775,-9.518,8.600
-369.330,-85.241,-9.317,8.650
-373.592,-85.772,-10.637,8.700
-377.881,-86.237,-9.287,8.750
-382.193,-86.749,-10.251,8.800
-386.530,-87.264,-10.299,8.850
-390.893,-87.819,-11.098,8.900
-395.284,-88.328,-10.169,8.950
-399.701,-88.818,-9.812,9.000
-404.142,-89.317,-9.981,9.050
-408.607,-89.818,-10.017,9.100
-413.098,-90.334,-10.308,9.150
-417.615,-90.805,-9.422,9.200
-422.155,-91.274,-9.381,9.250
-426.719,-91.755,-9.623,9.300
-431.307,-92.288,-10.654,9.350
-435.921,-92.727,-8.793,9.400
-440.557,-93.214,-9.744,9.450
-445.218,-93.693,-9.569,9.500
-449.903,-94.217,-10.480,9.550
-454.614,-94.708,-9.815,9.600
-459.349,-95.189,-9.625,9.650
-464.109,-95.683,-9.873,9.700
-468.893,-96.154,-9.420,9.750
-473.700,-96.615,-9.228,9.800
-478.531,-97.136,-10.411,9.850
-483.388,-97.607,-9.430,9.900
-488.268,-98.089,-9.634,9.950
-493.173,-98.579,-9.812,10.000
-498.102,-99.105,-10.512,10.050
-503.057,-99.562,-9.148,10.100
-508.035,-100.044,-9.633,10.150
-513.037,-100.574,-10.607,10.200
-518.066,-101.070,-9.919,10.250
-523.119,-101.553,-9.664,10.300
-528.197,-102.033,-9.583,10.350
-533.299,-102.526,-9.867,10.400
-538.425,-103.009,-9.657,10.450
-543.575,-103.452,-8.862,10.500
-548.748,-103.908,-9.118,10.550
-553.943,-104.420,-10.235,10.600
-559.164,-104.924,-10.077,10.650
-564.411,-105.416,-9.860,10.700
-569.681,-105.946,-10.592,10.750
-574.979,-106.467,-10.410,10.800
-580.302,-106.993,-10.535,10.850
-585.652,-107.510,-10.323,10.900
-591.027,-107.969,-9.189,10.950
-596.426,-108.479,-10.192,11.000
-601.850,-108.992,-10.269,11.050
-607.299,-109.463,-9.415,11.100
-612.772,-109.963,-10.011,11.150
-618.270,-110.444,-9.623,11.200
-623.793,-110.951,-10.136,11.250
-629.340,-111.482,-10.616,11.300
-634.914,-111.962,-9.601,11.350
-640.512,-112.487,-10.504,11.400
-646.137,-112.989,-10.038,11.450
-651.786,-113.496,-10.138,11.500
-657.461,-113.982,-9.723,11.550
-663.160,-114.485,-10.059,11.600
-668.884,-114.979,-9.867,11.650
-674.633,-115.504,-10.508,11.700
-680.409,-115.950,-8.915,11.750
-686.206,-116.467,-10.347,11.800
-692.029,-116.931,-9.273,11.850
-697.876,-117.418,-9.743,11.900
-703.747,-117.905,-9.747,11.950
-709.642,-118.388,-9.651,12.000
-715.562,-118.920,-10.651,12.050
-721.508,-119.389,-9.378,12.100
-727.477,-119.891,-10.039,12.150
-733.472,-120.355,-9.269,12.200
-739.489,-120.848,-9.878,12.250
-745.532,-121.347,-9.977,12.300
-751.599,-121.867,-10.387,12.350
-757.692,-122.374,-10.152,12.400
-763.811,-122.855,-9.621,12.450
-769.954,-123.375,-10.395,12.500
-776.123,-123.910,-10.700,12.550
-782.318,-124.420,-10.194,12.600
-788.539,-124.891,-9.434,12.650
-794.784,-125.342,-9.013,12.700
-801.051,-125.848,-10.113,12.750
-807.343,-126.373,-10.503,12.800
-813.662,-126.871,-9.963,12.850
-820.005,-127.357,-9.728,12.900
-826.373,-127.835,-9.552,12.950
-832.765,-128.278,-8.855,13.000
-839.179,-128.763,-9.709,13.050
-845.617,-129.217,-9.070,13.100
-852.078,-129.718,-10.017,13.150
-858.564,-130.206,-9.771,13.200
-865.074,-130.710,-10.075,13.250
-871.610,-131.216,-10.114,13.300
-878.170,-131.712,-9.928,13.350
-884.756,-132.209,-9.936,13.400
-891.366,-132.713,-10.080,13.450
-898.002,-133.216,-10.056,13.500
-904.663,-133.682,-9.319,13.550
-911.347,-134.125,-8.865,13.600
-918.053,-134.626,-10.033,13.650
-924.784,-135.124,-9.955,13.700
-931.541,-135.603,-9.575,13.750
-938.321,-136.022,-8.385,13.800
-945.122,-136.511,-9.772,13.850
-951.947,-136.980,-9.375,13.900
-958.796,-137.436,-9.119,13.950
-965.668,-137.918,-9.656,14.000
-972.564,-138.388,-9.396,14.050
-979.484,-138.865,-9.538,14.100
-986.427,-139.332,-9.348,14.150
-993.393,-139.846,-10.273,14.200
-1000.386,-140.332,-9.719,14.250
-1007.402,-140.812,-9.595,14.300
-1014.443,-141.292,-9.601,14.350
-1021.507,-141.757,-9.302,14.400
-1028.595,-142.237,-9.610,14.450
-1035.707,-142.753,-10.322,14.500
-1042.845,-143.231,-9.546,14.550
-1050.006,-143.741,-10.205,14.600
-1057.193,-144.247,-10.123,14.650
-1064.406,-144.747,-9.997,14.700
-1071.643,-145.240,-9.860,14.750
-1078.905,-145.765,-10.500,14.800
-1086.193,-146.231,-9.311,14.850
-1093.505,-146.747,-10.327,14.900
-1100.842,-147.202,-9.108,14.950
-1108.202,-147.718,-10.313,15.000
-1115.588,-148.180,-9.237,15.050
-1122.997,-148.671,-9.823,15.100
-1130.431,-149.200,-10.578,15.150
-1137.891,-149.714,-10.276,15.200
-1145.377,-150.174,-9.217,15.250
-1152.885,-150.655,-9.609,15.300
-1160.418,-151.147,-9.845,15.350
-1167.975,-151.687,-10.801,15.400
-1175.560,-152.147,-9.189,15.450
-1183.167,-152.595,-8.974,15.500
-1190.797,-153.048,-9.055,15.550
-1198.449,-153.552,-10.085,15.600
-1206.127,-154.034,-9.639,15.650
-1213.829,-154.514,-9.590,15.700
-1221.554,-155.038,-10.493,15.750
-1229.306,-155.525,-9.729,15.800
-1237.082,-155.991,-9.331,15.850
-1244.882,-156.465,-9.468,15.900
-1252.705,-156.980,-10.307,15.950
-1260.554,-157.490,-10.196,16.000
-1268.429,-157.963,-9.456,16.050
-1276.327,-158.439,-9.527,16.100
-1284.249,-158.980,-10.818,16.150
-1292.198,-159.526,-10.909,16.200
-1300.174,-160.018,-9.844,16.250
-1308.175,-160.521,-10.074,16.300
-1316.201,-161.019,-9.943,16.350
-1324.252,-161.518,-9.994,16.400
-1332.328,-161.987,-9.370,16.450
-1340.427,-162.475,-9.764,16.500
-1348.551,-162.959,-9.690,16.550
-1356.699,-163.480,-10.410,16.600
-1364.873,-164.046,-11.314,16.650
-1373.075,-164.511,-9.308,16.700
-1381.301,-164.954,-8.852,16.750
-1389.548,-165.452,-9.963,16.800
-1397.821,-165.937,-9.699,16.850
-1406.118,-166.420,-9.665,16.900
-1414.439,-166.873,-9.061,16.950
-1422.783,-167.344,-9.412,17.000
-1431.150,-167.823,-9.588,17.050
-1439.541,-168.312,-9.785,17.100
-1447.957,-168.801,-9.783,17.150
-1456.397,-169.324,-10.454,17.200
-1464.863,-169.823,-9.982,17.250
-1473.354,-170.294,-9.414,17.300
-1481.869,-170.790,-9.915,17.350
-1490.408,-171.279,-9.790,17.400
-1498.972,-171.796,-10.336,17.450
-1507.562,-172.276,-9.611,17.500
-1516.176,-172.800,-10.464,17.550
-1524.816,-173.284,-9.680,17.600
-1533.480,-173.778,-9.894,17.650
-1542.169,-174.308,-10.590,17.700
-1550.884,-174.774,-9.332,17.750
-1559.623,-175.269,-9.883,17.800
-1568.386,-175.717,-8.978,17.850
-1577.172,-176.175,-9.149,17.900
-1585.981,-176.685,-10.203,17.950
-1594.815,-177.193,-10.164,18.000
-1603.675,-177.710,-10.334,18.050
-1612.560,-178.236,-10.519,18.100
-1621.472,-178.736,-9.999,18.150
-1630.409,-179.194,-9.164,18.200
-1639.369,-179.727,-10.666,18.250
-1648.355,-180.199,-9.429,18.300
-1657.365,-180.672,-9.466,18.350
-1666.399,-181.150,-9.562,18.400
-1675.456,-181.624,-9.482,18.450
-1684.537,-182.140,-10.304,18.500
-1693.644,-182.613,-9.469,18.550
-1702.775,-183.116,-10.056,18.600
-1711.931,-183.661,-10.910,18.650
-1721.114,-184.151,-9.784,18.700
-1730.321,-184.660,-10.187,18.750
-1739.554,-185.120,-9.202,18.800
-1748.810,-185.617,-9.938,18.850
-1758.091,-186.106,-9.790,18.900
-1767.397,-186.588,-9.636,18.950
-1776.726,-187.085,-9.930,19.000
-1786.080,-187.578,-9.856,19.050
-1795.459,-188.049,-9.433,19.100
-1804.862,-188.564,-10.287,19.150
-1814.290,-189.070,-10.124,19.200
-1823.743,-189.582,-10.243,19.250
-1833.222,-190.040,-9.167,19.300
-1842.724,-190.546,-10.124,19.350
-1852.252,-191.040,-9.874,19.400
-1861.804,-191.544,-10.079,19.450
-1871.381,-192.041,-9.948,19.500
-1880.983,-192.548,-10.140,19.550
-1890.610,-193.029,-9.603,19.600
-1900.262,-193.542,-10.275,19.650
-1909.939,-194.063,-10.415,19.700
-1919.642,-194.566,-10.060,19.750
-1929.370,-195.074,-10.167,19.800
-1939.124,-195.595,-10.408,19.850
-1948.904,-196.093,-9.955,19.900
-1958.708,-196.620,-10.552,19.950
-1968.539,-197.072,-9.037,20.000
-1978.393,-197.596,-10.478,20.050
-1988.273,-198.101,-10.099,20.100
-1998.178,-198.600,-9.990,20.150
-2008.108,-199.053,-9.057,20.200
-2018.061,-199.582,-10.584,20.250
-2028.040,-200.070,-9.746,20.300
-2038.043,-200.537,-9.346,20.350
-2048.070,-201.035,-9.949,20.400
-2058.122,-201.551,-10.333,20.450
-2068.199,-202.044,-9.858,20.500
-2078.302,-202.500,-9.127,20.550
-2088.427,-203.005,-10.085,20.600
-2098.577,-203.463,-9.168,20.650
-2108.750,-203.948,-9.694,20.700
-2118.947,-204.411,-9.259,20.750
-2129.168,-204.896,-9.712,20.800
-2139.413,-205.398,-10.027,20.850
-2149.683,-205.852,-9.077,20.900
-2159.975,-206.337,-9.709,20.950
-2170.292,-206.824,-9.736,21.000
-2180.633,-207.296,-9.449,21.050
-2190.998,-207.766,-9.397,21.100
-2201.386,-208.238,-9.446,21.150
-2211.798,-208.759,-10.414,21.200
-2222.236,-209.264,-10.095,21.250
-2232.699,-209.769,-10.104,21.300
-2243.188,-210.277,-10.158,21.350
-2253.702,-210.787,-10.200,21.400
-2264.241,-211.292,-10.110,21.450
-2274.806,-211.775,-9.660,21.500
-2285.394,-212.255,-9.589,21.550
-2296.007,-212.745,-9.811,21.600
-2306.644,-213.245,-10.001,21.650
-2317.307,-213.707,-9.240,21.700
-2327.992,-214.200,-9.851,21.750
-2338.702,-214.670,-9.391,21.800
-2349.436,-215.173,-10.065,21.850
-2360.194,-215.654,-9.625,21.900
-2370.977,-216.114,-9.210,21.950
-2381.783,-216.663,-10.977,22.000
-2392.616,-217.168,-10.103,22.050
-2403.474,-217.646,-9.544,22.100
-2414.356,-218.109,-9.268,22.150
-2425.262,-218.595,-9.719,22.200
-2436.192,-219.084,-9.788,22.250
-2447.146,-219.539,-9.090,22.300
-2458.123,-220.001,-9.240,22.350
-2469.123,-220.511,-10.198,22.400
-2480.148,-220.999,-9.758,22.450
-2491.198,-221.481,-9.649,22.500
-2502.272,-221.933,-9.041,22.550
-2513.369,-222.404,-9.423,22.600
-2524.489,-222.897,-9.856,22.650
-2535.634,-223.383,-9.712,22.700
-2546.803,-223.915,-10.652,22.750
-2557.999,-224.384,-9.377,22.800
-2569.218,-224.860,-9.521,22.850
-2580.461,-225.324,-9.268,22.900
-2591.728,-225.817,-9.874,22.950
-2603.018,-226.305,-9.753,23.000
-2614.334,-226.806,-10.025,23.050
-2625.674,-227.322,-10.323,23.100
-2637.040,-227.826,-10.079,23.150
-2648.431,-228.358,-10.624,23.200
-2659.849,-228.828,-9.401,23.250
-2671.291,-229.367,-10.783,23.300
-2682.759,-229.812,-8.901,23.350
-2694.250,-230.342,-10.599,23.400
-2705.767,-230.799,-9.139,23.450
-2717.307,-231.310,-10.216,23.500
-2728.872,-231.788,-9.559,23.550
-2740.461,-232.295,-10.147,23.600
-2752.076,-232.748,-9.061,23.650
-2763.714,-233.237,-9.790,23.700
-2775.376,-233.704,-9.330,23.750
-2787.061,-234.193,-9.776,23.800
-2798.770,-234.675,-9.652,23.850
-2810.504,-235.152,-9.534,23.900
-2822.262,-235.654,-10.046,23.950
-2834.044,-236.174,-10.383,24.000
-2845.853,-236.693,-10.392,24.050
-2857.688,-237.183,-9.787,24.100
-2869.547,-237.684,-10.029,24.150
-2881.431,-238.222,-10.770,24.200
-2893.342,-238.701,-9.581,24.250
-2905.277,-239.219,-10.355,24.300
-2917.238,-239.736,-10.329,24.350
-2929.225,-240.227,-9.829,24.400
-2941.236,-240.738,-10.213,24.450
-2953.273,-241.225,-9.755,24.500
-2965.335,-241.672,-8.927,24.550
-2977.418,-242.171,-9.980,24.600
-2989.527,-242.685,-10.284,24.650
-3001.661,-243.171,-9.729,24.700
-3013.819,-243.679,-10.157,24.750
-3026.003,-244.169,-9.799,24.800
-3038.212,-244.653,-9.669,24.850
-3050.445,-245.144,-9.826,24.900
-3062.702,-245.633,-9.785,24.950
-3074.983,-246.119,-9.724,25.000
-3087.289,-246.574,-9.096,25.050
-3099.618,-247.070,-9.923,25.100
-3111.972,-247.558,-9.753,25.150
-3124.350,-248.029,-9.422,25.200
-3136.751,-248.509,-9.599,25.250
-3149.176,-249.008,-9.970,25.300
-3161.627,-249.478,-9.407,25.350
-3174.101,-249.988,-10.200,25.400
-3186.600,-250.483,-9.911,25.450
-3199.124,-250.991,-10.155,25.500
-3211.674,-251.469,-9.552,25.550
-3224.247,-251.933,-9.278,25.600
-3236.844,-252.418,-9.710,25.650
-3249.465,-252.907,-9.776,25.700
-3262.110,-253.417,-10.201,25.750
-3274.781,-253.923,-10.124,25.800
-3287.477,-254.441,-10.344,25.850
-3300.199,-254.980,-10.783,25.900
-3312.948,-255.479,-9.985,25.950
-3325.722,-255.976,-9.943,26.000
-3338.521,-256.418,-8.838,26.050
-3351.342,-256.874,-9.111,26.100
-3364.186,-257.352,-9.562,26.150
-3377.053,-257.796,-8.878,26.200
-3389.943,-258.255,-9.188,26.250
-3402.856,-258.790,-10.708,26.300
-3415.795,-259.257,-9.333,26.350
-3428.758,-259.732,-9.492,26.400
-3441.745,-260.229,-9.939,26.450
-3454.756,-260.751,-10.443,26.500
-3467.794,-261.228,-9.544,26.550
-3480.855,-261.765,-10.740,26.600
-3493.943,-262.256,-9.820,26.650
-3507.056,-262.760,-10.086,26.700
-3520.194,-263.279,-10.373,26.750
-3533.358,-263.743,-9.278,26.800
-3546.545,-264.234,-9.828,26.850
-3559.757,-264.721,-9.732,26.900
-3572.993,-265.191,-9.404,26.950
-3586.252,-265.682,-9.814,27.000
-3599.536,-266.162,-9.608,27.050
-3612.845,-266.634,-9.445,27.100
-3626.176,-267.112,-9.557,27.150
-3639.532,-267.596,-9.682,27.200
-3652.912,-268.047,-9.013,27.250
-3666.314,-268.510,-9.255,27.300
-3679.739,-269.002,-9.848,27.350
-3693.190,-269.513,-10.217,27.400
-3706.665,-269.989,-9.524,27.450
-3720.165,-270.475,-9.713,27.500
-3733.688,-270.927,-9.046,27.550
-3747.235,-271.395,-9.368,27.600
-3760.805,-271.869,-9.468,27.650
-3774.398,-272.359,-9.804,27.700
-3788.016,-272.869,-10.202,27.750
-3801.659,-273.364,-9.899,27.800
-3815.328,-273.844,-9.597,27.850
-3829.020,-274.373,-10.583,27.900
-3842.738,-274.836,-9.255,27.950
-3856.480,-275.280,-8.886,28.000
-3870.244,-275.814,-10.680,28.050
-3884.035,-276.336,-10.436,28.100
-3897.852,-276.821,-9.707,28.150
-3911.693,-277.325,-10.071,28.200
-3925.559,-277.809,-9.693,28.250
-3939.450,-278.302,-9.842,28.300
-3953.365,-278.815,-10.268,28.350
-3967.305,-279.277,-9.234,28.400
-3981.269,-279.757,-9.602,28.450
-3995.257,-280.260,-10.060,28.500
-4009.270,-280.717,-9.137,28.550
-4023.306,-281.218,-10.037,28.600
-4037.367,-281.737,-10.365,28.650
-4051.454,-282.223,-9.728,28.700
-4065.565,-282.706,-9.652,28.750
-4079.700,-283.184,-9.572,28.800
-4093.859,-283.659,-9.499,28.850
-4108.042,-284.138,-9.579,28.900
-4122.249,-284.618,-9.597,28.950
-4136.480,-285.121,-10.067,29.000
-4150.736,-285.627,-10.114,29.050
-4165.017,-286.101,-9.478,29.100
-4179.323,-286.586,-9.701,29.150
-4193.652,-287.058,-9.443,29.200
-4208.005,-287.587,-10.574,29.250
-4222.384,-288.089,-10.034,29.300
-4236.789,-288.537,-8.957,29.350
-4251.215,-289.015,-9.563,29.400
-4265.666,-289.499,-9.678,29.450
-4280.141,-289.973,-9.493,29.500
-4294.640,-290.414,-8.822,29.550
-4309.160,-290.860,-8.916,29.600
-4323.703,-291.386,-10.516,29.650
-4338.273,-291.904,-10.351,29.700
-4352.868,-292.430,-10.532,29.750
-4367.489,-292.937,-10.144,29.800
-4382.136,-293.427,-9.785,29.850
-4396.808,-293.912,-9.702,29.900
-4411.503,-294.436,-10.494,29.950
-4426.225,-294.969,-10.645,30.000
-4440.973,-295.476,-10.152,30.050
-4455.747,-295.946,-9.400,30.100
-4470.545,-296.412,-9.322,30.150
-4485.365,-296.865,-9.047,30.200
-4500.208,-297.356,-9.824,30.250
-4515.076,-297.828,-9.440,30.300
-4529.968,-298.296,-9.358,30.350
-4544.882,-298.797,-10.032,30.400
-4559.822,-299.279,-9.637,30.450
-4574.786,-299.755,-9.515,30.500
-4589.774,-300.266,-10.217,30.550
-4604.787,-300.720,-9.076,30.600
-4619.823,-301.211,-9.827,30.650
-4634.884,-301.700,-9.771,30.700
-4649.969,-302.211,-10.234,30.750
-4665.079,-302.719,-10.159,30.800
-4680.215,-303.259,-10.792,30.850
-4695.378,-303.748,-9.785,30.900
-4710.566,-304.183,-8.689,30.950
-4725.775,-304.696,-10.266,31.000
-4741.010,-305.120,-8.479,31.050
-4756.266,-305.579,-9.178,31.100
-4771.545,-306.080,-10.022,31.150
-4786.848,-306.570,-9.798,31.200
-4802.177,-307.063,-9.870,31.250
-4817.530,-307.516,-9.047,31.300
-4832.906,-307.994,-9.579,31.350
-4848.306,-308.459,-9.281,31.400
-4863.729,-308.941,-9.650,31.450
-4879.176,-309.434,-9.860,31.500
-4894.647,-309.917,-9.664,31.550
-4910.143,-310.417,-9.992,31.600
-4925.664,-310.940,-10.459,31.650
-4941.211,-311.412,-9.446,31.700
-4956.782,-311.936,-10.481,31.750
-4972.378,-312.433,-9.930,31.800
-4988.000,-312.933,-10.007,31.850
-5003.647,-313.409,-9.522,31.900
-5019.317,-313.865,-9.110,31.950
-5035.010,-314.328,-9.271,32.000
-5050.727,-314.804,-9.509,32.050
-5066.467,-315.308,-10.092,32.100
-5082.232,-315.803,-9.892,32.150
-5098.023,-316.301,-9.957,32.200
-5113.838,-316.802,-10.020,32.250
-5129.678,-317.301,-9.990,32.300
-5145.543,-317.801,-10.002,32.350
-5161.433,-318.302,-10.022,32.400
-5177.348,-318.772,-9.384,32.450
-5193.287,-319.286,-10.282,32.500
-5209.251,-319.793,-10.136,32.550
-5225.240,-320.318,-10.518,32.600
-5241.256,-320.777,-9.177,32.650
-5257.295,-321.286,-10.166,32.700
-5273.359,-321.761,-9.514,32.750
-5289.448,-322.241,-9.597,32.800
-5305.560,-322.702,-9.220,32.850
-5321.695,-323.197,-9.904,32.900
-5337.855,-323.709,-10.234,32.950
-5354.040,-324.234,-10.506,33.000
-5370.252,-324.787,-11.055,33.050
-5386.491,-325.274,-9.738,33.100
-5402.755,-325.747,-9.463,33.150
-5419.042,-326.227,-9.599,33.200
-5435.354,-326.752,-10.494,33.250
-5451.691,-327.219,-9.345,33.300
-5468.052,-327.725,-10.122,33.350
-5484.438,-328.236,-10.216,33.400
-5500.850,-328.743,-10.132,33.450
-5517.287,-329.231,-9.775,33.500
-5533.749,-329.755,-10.474,33.550
-5550.237,-330.246,-9.827,33.600
-5566.749,-330.727,-9.618,33.650
-5583.285,-331.193,-9.315,33.700
-5599.845,-331.680,-9.731,33.750
-5616.429,-332.200,-10.409,33.800
-5633.039,-332.687,-9.743,33.850
-5649.673,-333.201,-10.284,33.900
-5666.333,-333.717,-10.310,33.950
-5683.019,-334.238,-10.419,34.000
-5699.731,-334.771,-10.665,34.050
-5716.470,-335.274,-10.064,34.100
-5733.233,-335.740,-9.305,34.150
-5750.020,-336.180,-8.801,34.200
-5766.829,-336.683,-10.067,34.250
-5783.663,-337.149,-9.324,34.300
-5800.521,-337.648,-9.986,34.350
-5817.403,-338.176,-10.548,34.400
-5834.312,-338.651,-9.497,34.450
-5851.245,-339.136,-9.705,34.500
-5868.202,-339.586,-8.997,34.550
-5885.181,-340.111,-10.496,34.600
-5902.186,-340.539,-8.560,34.650
-5919.213,-340.994,-9.098,34.700
-5936.263,-341.484,-9.818,34.750
-5953.337,-341.982,-9.944,34.800
-5970.436,-342.488,-10.130,34.850
-5987.561,-342.976,-9.761,34.900
-6004.709,-343.471,-9.892,34.950
-6021.883,-343.950,-9.580,35.000
-6039.080,-344.447,-9.942,35.050
-6056.303,-344.906,-9.177,35.100
-6073.548,-345.393,-9.754,35.150
-6090.818,-345.890,-9.925,35.200
-6108.112,-346.357,-9.352,35.250
-6125.430,-346.884,-10.536,35.300
-6142.774,-347.367,-9.658,35.350
-6160.143,-347.857,-9.799,35.400
-6177.536,-348.379,-10.441,35.450
-6194.954,-348.908,-10.574,35.500
-6212.400,-349.376,-9.358,35.550
-6229.869,-349.844,-9.379,35.600
-6247.361,-350.331,-9.733,35.650
-6264.877,-350.783,-9.042,35.700
-6282.417,-351.264,-9.613,35.750
-6299.980,-351.726,-9.251,35.800
-6317.566,-352.208,-9.622,35.850
-6335.176,-352.704,-9.933,35.900
-6352.812,-353.218,-10.283,35.950
-6370.473,-353.722,-10.080,36.000
-6388.159,-354.219,-9.925,36.050
-6405.870,-354.679,-9.200,36.100
-6423.604,-355.152,-9.466,36.150
-6441.361,-355.635,-9.662,36.200
-6459.143,-356.106,-9.421,36.250
-6476.948,-356.585,-9.574,36.300
-6494.777,-357.069,-9.693,36.350
-6512.631,-357.593,-10.480,36.400
-6530.511,-358.058,-9.301,36.450
-6548.414,-358.559,-10.015,36.500
-6566.341,-359.025,-9.323,36.550
-6584.293,-359.489,-9.280,36.600
-6602.267,-359.995,-10.110,36.650
-6620.267,-360.464,-9.385,36.700
-6638.290,-360.963,-9.971,36.750
-6656.338,-361.461,-9.969,36.800
-6674.411,-361.946,-9.695,36.850
-6692.509,-362.430,-9.683,36.900
-6710.630,-362.920,-9.793,36.950
-6728.776,-363.440,-10.407,37.000
-6746.948,-363.933,-9.864,37.050
-6765.145,-364.373,-8.791,37.100
-6783.363,-364.925,-11.055,37.150
-6801.610,-365.397,-9.421,37.200
-6819.880,-365.863,-9.337,37.250
-6838.173,-366.384,-10.417,37.300
-6856.492,-366.885,-10.020,37.350
-6874.836,-367.398,-10.258,37.400
-6893.206,-367.847,-8.981,37.450
-6911.598,-368.313,-9.317,37.500
-6930.014,-368.778,-9.295,37.550
-6948.453,-369.266,-9.756,37.600
-6966.916,-369.727,-9.223,37.650
-6985.403,-370.217,-9.814,37.700
-7003.913,-370.678,-9.202,37.750
-7022.447,-371.171,-9.876,37.800
-7041.006,-371.677,-10.114,37.850
-7059.590,-372.127,-9.000,37.900
-7078.196,-372.618,-9.819,37.950
-7096.827,-373.129,-10.212,38.000
-7115.483,-373.639,-10.217,38.050
-7134.165,-374.150,-10.215,38.100
-7152.873,-374.622,-9.432,38.150
-7171.604,-375.115,-9.854,38.200
-7190.360,-375.554,-8.782,38.250
-7209.137,-376.018,-9.280,38.300
-7227.938,-376.502,-9.695,38.350
-7246.763,-376.962,-9.182,38.400
-7265.612,-377.463,-10.032,38.450
-7284.485,-377.995,-10.639,38.500
-7303.384,-378.508,-10.253,38.550
-7322.310,-378.995,-9.744,38.600
-7341.260,-379.490,-9.910,38.650
-7360.234,-379.962,-9.441,38.700
-7379.232,-380.456,-9.866,38.750
-7398.255,-380.930,-9.475,38.800
-7417.301,-381.386,-9.139,38.850
-7436.371,-381.880,-9.867,38.900
-7455.465,-382.358,-9.562,38.950
-7474.583,-382.888,-10.595,39.000
-7493.727,-383.381,-9.865,39.050
-7512.896,-383.899,-10.361,39.100
-7532.091,-384.386,-9.745,39.150
-7551.310,-384.871,-9.704,39.200
-7570.554,-385.357,-9.706,39.250
-7589.822,-385.858,-10.025,39.300
-7609.115,-386.297,-8.782,39.350
-7628.429,-386.816,-10.377,39.400
-7647.770,-387.336,-10.404,39.450
-7667.137,-387.790,-9.070,39.500
-7686.527,-388.296,-10.125,39.550
-7705.941,-388.807,-10.232,39.600
-7725.382,-389.246,-8.780,39.650
-7744.844,-389.715,-9.369,39.700
-7764.330,-390.219,-10.076,39.750
-7783.841,-390.704,-9.713,39.800
-7803.376,-391.151,-8.940,39.850
-7822.934,-391.626,-9.501,39.900
-7842.515,-392.088,-9.235,39.950
-7862.119,-392.561,-9.450,40.000
-7881.747,-393.030,-9.394,40.050
-7901.399,-393.520,-9.792,40.100
-7921.075,-394.010,-9.805,40.150
-7940.775,-394.495,-9.691,40.200
-7960.500,-394.969,-9.482,40.250
-7980.248,-395.466,-9.937,40.300
-8000.022,-395.953,-9.755,40.350
-8019.819,-396.451,-9.949,40.400
-8039.642,-396.939,-9.758,40.450
-8059.489,-397.457,-10.369,40.500
-8079.362,-397.889,-8.645,40.550
-8099.256,-398.396,-10.138,40.600
-8119.176,-398.895,-9.972,40.650
-8139.121,-399.404,-10.176,40.700
-8159.091,-399.880,-9.535,40.750
-8179.085,-400.375,-9.898,40.800
-8199.104,-400.887,-10.241,40.850
-8219.148,-401.363,-9.516,40.900
-8239.216,-401.836,-9.456,40.950
-8259.308,-402.328,-9.840,41.000
-8279.425,-402.833,-10.107,41.050
-8299.566,-403.275,-8.830,41.100
-8319.730,-403.758,-9.658,41.150
-8339.918,-404.277,-10.380,41.200
-8360.132,-404.736,-9.178,41.250
-8380.368,-405.245,-10.193,41.300
-8400.631,-405.674,-8.584,41.350
-8420.914,-406.163,-9.774,41.400
-8441.223,-406.631,-9.357,41.450
-8461.554,-407.168,-10.740,41.500
-8481.913,-407.687,-10.384,41.550
-8502.297,-408.148,-9.213,41.600
-8522.704,-408.631,-9.668,41.650
-8543.136,-409.076,-8.897,41.700
-8563.590,-409.556,-9.593,41.750
-8584.068,-410.043,-9.745,41.800
-8604.570,-410.495,-9.044,41.850
-8625.094,-410.963,-9.358,41.900
-8645.643,-411.458,-9.898,41.950
-8666.215,-411.973,-10.299,42.000
-8686.814,-412.517,-10.871,42.050
-8707.440,-413.017,-10.006,42.100
-8728.091,-413.534,-10.341,42.150
-8748.767,-413.966,-8.648,42.200
-8769.466,-414.471,-10.101,42.250
-8790.189,-414.977,-10.113,42.300
-8810.938,-415.501,-10.490,42.350
-8831.713,-415.998,-9.929,42.400
-8852.513,-416.503,-10.107,42.450
-8873.338,-416.955,-9.033,42.500
-8894.186,-417.442,-9.735,42.550
-8915.058,-417.932,-9.814,42.600
-8935.955,-418.426,-9.870,42.650
-8956.876,-418.899,-9.458,42.700
-8977.821,-419.399,-10.012,42.750
-8998.791,-419.875,-9.512,42.800
-9019.785,-420.329,-9.088,42.850
-9040.801,-420.810,-9.604,42.900
-9061.842,-421.306,-9.922,42.950
-9082.907,-421.818,-10.236,43.000
-9103.998,-422.314,-9.933,43.050
-9125.114,-422.792,-9.558,43.100
-9146.253,-423.317,-10.495,43.150
-9167.419,-423.789,-9.438,43.200
-9188.608,-424.275,-9.717,43.250
-9209.822,-424.768,-9.877,43.300
-9231.061,-425.274,-10.105,43.350
-9252.324,-425.775,-10.023,43.400
-9273.613,-426.252,-9.543,43.450
-9294.926,-426.745,-9.867,43.500
-9316.263,-427.247,-10.034,43.550
-9337.625,-427.727,-9.600,43.600
-9359.012,-428.206,-9.583,43.650
-9380.422,-428.725,-10.369,43.700
-9401.858,-429.202,-9.554,43.750
-9423.318,-429.637,-8.691,43.800
-9444.800,-430.117,-9.600,43.850
-9466.306,-430.645,-10.570,43.900
-9487.838,-431.132,-9.731,43.950
-9509.395,-431.663,-10.629,44.000
-9530.978,-432.083,-8.394,44.050
-9552.582,-432.524,-8.810,44.100
-9574.208,-433.029,-10.108,44.150
-9595.860,-433.570,-10.814,44.200
-9617.538,-434.080,-10.203,44.250
-9639.242,-434.574,-9.891,44.300
-9660.971,-435.104,-10.598,44.350
-9682.726,-435.596,-9.841,44.400
-9704.506,-436.091,-9.894,44.450
-9726.311,-436.579,-9.754,44.500
-9748.140,-437.064,-9.707,44.550
-9769.993,-437.576,-10.242,44.600
-9791.872,-438.086,-10.192,44.650
-9813.776,-438.575,-9.790,44.700
-9835.705,-439.080,-10.092,44.750
-9857.659,-439.550,-9.404,44.800
-9879.636,-440.040,-9.794,44.850
-9901.638,-440.489,-8.976,44.900
-9923.662,-440.961,-9.443,44.950
-9945.711,-441.427,-9.316,45.000
-9967.782,-441.914,-9.751,45.050
-9989.878,-442.401,-9.740,45.100
-10011.998,-442.853,-9.036,45.150
-10034.140,-443.352,-9.979,45.200
-10056.308,-443.830,-9.565,45.250
-10078.499,-444.327,-9.929,45.300
-10100.716,-444.823,-9.930,45.350
-10122.957,-445.340,-10.333,45.400
-10145.224,-445.847,-10.142,45.450
-10167.516,-446.358,-10.225,45.500
-10189.834,-446.835,-9.544,45.550
-10212.176,-447.302,-9.345,45.600
-10234.541,-447.795,-9.852,45.650
-10256.931,-448.280,-9.707,45.700
-10279.345,-448.774,-9.878,45.750
-10301.783,-449.283,-10.173,45.800
-10324.248,-449.754,-9.424,45.850
-10346.735,-450.230,-9.518,45.900
-10369.247,-450.763,-10.656,45.950
-10391.785,-451.260,-9.937,46.000
-10414.348,-451.770,-10.204,46.050
-10436.936,-452.269,-9.985,46.100
-10459.550,-452.775,-10.110,46.150
-10482.189,-453.266,-9.831,46.200
-10504.852,-453.764,-9.958,46.250
-10527.540,-454.262,-9.967,46.300
-10550.253,-454.728,-9.315,46.350
-10572.990,-455.206,-9.561,46.400
-10595.750,-455.713,-10.125,46.450
-10618.536,-456.215,-10.058,46.500
-10641.346,-456.695,-9.590,46.550
-10664.181,-457.174,-9.591,46.600
-10687.040,-457.678,-10.080,46.650
-10709.924,-458.174,-9.915,46.700
-10732.832,-458.623,-8.984,46.750
-10755.764,-459.127,-10.072,46.800
-10778.720,-459.575,-8.955,46.850
-10801.699,-460.041,-9.316,46.900
-10824.701,-460.493,-9.038,46.950
-10847.725,-460.997,-10.091,47.000
-10870.775,-461.491,-9.885,47.050
-10893.850,-461.992,-10.011,47.100
-10916.949,-462.457,-9.306,47.150
-10940.072,-462.960,-10.064,47.200
-10963.220,-463.435,-9.483,47.250
-10986.392,-463.910,-9.507,47.300
-11009.588,-464.401,-9.831,47.350
-11032.808,-464.863,-9.229,47.400
-11056.051,-465.351,-9.762,47.450
-11079.318,-465.823,-9.437,47.500
-11102.609,-466.324,-10.031,47.550
-11125.926,-466.831,-10.134,47.600
-11149.267,-467.305,-9.483,47.650
-11172.632,-467.786,-9.617,47.700
-11196.022,-468.271,-9.701,47.750
-11219.435,-468.769,-9.964,47.800
-11242.874,-469.225,-9.117,47.850
-11266.335,-469.741,-10.309,47.900
-11289.822,-470.257,-10.334,47.950
-11313.335,-470.727,-9.389,48.000
-11336.871,-471.198,-9.425,48.050
-11360.431,-471.681,-9.652,48.100
-11384.015,-472.178,-9.939,48.150
-11407.624,-472.657,-9.585,48.200
-11431.257,-473.109,-9.040,48.250
-11454.912,-473.543,-8.685,48.300
-11478.590,-474.071,-10.551,48.350
-11502.293,-474.571,-9.997,48.400
-11526.022,-475.072,-10.025,48.450
-11549.775,-475.526,-9.083,48.500
-11573.552,-476.072,-10.920,48.550
-11597.355,-476.551,-9.580,48.600
-11621.183,-477.047,-9.925,48.650
-11645.035,-477.501,-9.077,48.700
-11668.910,-477.958,-9.139,48.750
-11692.808,-478.440,-9.647,48.800
-11716.730,-478.966,-10.516,48.850
-11740.678,-479.469,-10.067,48.900
-11764.652,-479.970,-10.018,48.950
-11788.650,-480.491,-10.403,49.000
-11812.675,-480.955,-9.294,49.050
-11836.723,-481.478,-10.460,49.100
-11860.796,-481.925,-8.931,49.150
-11884.893,-482.371,-8.932,49.200
-11909.011,-482.870,-9.982,49.250
-11933.155,-483.354,-9.663,49.300
-11957.322,-483.846,-9.842,49.350
-11981.515,-484.316,-9.407,49.400
-12005.731,-484.778,-9.240,49.450
-12029.969,-485.263,-9.695,49.500
-12054.233,-485.743,-9.600,49.550
-12078.520,-486.247,-10.088,49.600
-12102.832,-486.728,-9.615,49.650
-12127.169,-487.215,-9.737,49.700
-12151.529,-487.726,-10.218,49.750
-12175.916,-488.217,-9.816,49.800
-12200.326,-488.716,-9.981,49.850
-12224.762,-489.220,-10.083,49.900
-12249.223,-489.736,-10.323,49.950
-12273.710,-490.225,-9.782,50.000
-12298.221,-490.733,-10.159,50.050
-12322.758,-491.234,-10.021,50.100
-12347.320,-491.700,-9.329,50.150
-12371.905,-492.177,-9.527,50.200
-12396.513,-492.689,-10.248,50.250
-12421.148,-493.172,-9.653,50.300
-12445.806,-493.659,-9.751,50.350
-12470.489,-494.112,-9.049,50.400
-12495.195,-494.571,-9.191,50.450
-12519.924,-495.096,-10.496,50.500
-12544.678,-495.567,-9.425,50.550
-12569.457,-496.030,-9.244,50.600
-12594.258,-496.508,-9.560,50.650
-12619.084,-497.006,-9.960,50.700
-12643.934,-497.442,-8.731,50.750
-12668.806,-497.918,-9.519,50.800
-12693.702,-498.364,-8.926,50.850
-12718.620,-498.825,-9.206,50.900
-12743.561,-499.305,-9.602,50.950
-12768.527,-499.808,-10.069,51.000
-12793.517,-500.299,-9.821,51.050
-12818.532,-500.795,-9.909,51.100
-12843.572,-501.312,-10.353,51.150
-12868.637,-501.788,-9.519,51.200
-12893.727,-502.244,-9.109,51.250
-12918.839,-502.741,-9.943,51.300
-12943.976,-503.183,-8.842,51.350
-12969.135,-503.708,-10.507,51.400
-12994.320,-504.175,-9.338,51.450
-13019.529,-504.628,-9.062,51.500
-13044.761,-505.123,-9.901,51.550
-13070.017,-505.618,-9.893,51.600
-13095.298,-506.085,-9.344,51.650
-13120.602,-506.565,-9.584,51.700
-13145.930,-507.100,-10.703,51.750
-13171.285,-507.609,-10.187,51.800
-13196.666,-508.100,-9.816,51.850
-13222.071,-508.621,-10.423,51.900
-13247.502,-509.122,-10.022,51.950
-13272.958,-509.643,-10.411,52.000
-13298.440,-510.141,-9.976,52.050
-13323.947,-510.639,-9.961,52.100
-13349.479,-511.122,-9.653,52.150
-13375.035,-511.615,-9.851,52.200
-13400.616,-512.094,-9.585,52.250
-13426.221,-512.576,-9.638,52.300
-13451.849,-513.043,-9.349,52.350
-13477.502,-513.514,-9.419,52.400
-13503.177,-513.988,-9.466,52.450
-13528.877,-514.409,-8.421,52.500
-13554.597,-514.891,-9.655,52.550
-13580.342,-515.324,-8.650,52.600
-13606.108,-515.805,-9.626,52.650
-13631.898,-516.297,-9.847,52.700
-13657.713,-516.796,-9.977,52.750
-13683.553,-517.253,-9.135,52.800
-13709.415,-517.707,-9.076,52.850
-13735.301,-518.184,-9.542,52.900
-13761.210,-518.649,-9.303,52.950
-13787.142,-519.168,-10.381,53.000
-13813.101,-519.693,-10.503,53.050
-13839.085,-520.156,-9.253,53.100
-13865.093,-520.649,-9.867,53.150
-13891.126,-521.123,-9.475,53.200
-13917.182,-521.630,-10.131,53.250
-13943.263,-522.083,-9.069,53.300
-13969.368,-522.608,-10.499,53.350
-13995.498,-523.129,-10.430,53.400
-14021.654,-523.588,-9.164,53.450
-14047.834,-524.137,-10.977,53.500
-14074.041,-524.619,-9.641,53.550
-14100.272,-525.111,-9.858,53.600
-14126.527,-525.618,-10.139,53.650
-14152.808,-526.113,-9.899,53.700
-14179.114,-526.623,-10.189,53.750
-14205.445,-527.079,-9.120,53.800
-14231.799,-527.529,-9.003,53.850
-14258.175,-528.035,-10.117,53.900
-14284.577,-528.519,-9.687,53.950
-14311.003,-529.039,-10.403,54.000
-14337.455,-529.506,-9.330,54.050
-14363.930,-529.973,-9.342,54.100
-14390.429,-530.470,-9.942,54.150
-14416.952,-530.960,-9.802,54.200
-14443.500,-531.453,-9.852,54.250
-14470.073,-531.979,-10.534,54.300
-14496.672,-532.435,-9.119,54.350
-14523.294,-532.943,-10.153,54.400
-14549.941,-533.450,-10.150,54.450
-14576.613,-533.944,-9.877,54.500
-14603.311,-534.413,-9.365,54.550
-14630.031,-534.916,-10.074,54.600
-14656.777,-535.450,-10.683,54.650
-14683.550,-535.961,-10.207,54.700
-14710.348,-536.442,-9.620,54.750
-14737.170,-536.883,-8.831,54.800
-14764.014,-537.402,-10.373,54.850
-14790.884,-537.922,-10.390,54.900
-14817.780,-538.446,-10.486,54.950
-14844.702,-538.973,-10.542,55.000
-14871.651,-539.436,-9.271,55.050
-14898.623,-539.894,-9.142,55.100
-14925.617,-540.380,-9.731,55.150
-14952.636,-540.881,-10.019,55.200
-14979.681,-541.331,-9.009,55.250
-15006.747,-541.818,-9.732,55.300
-15033.838,-542.284,-9.323,55.350
-15060.952,-542.786,-10.041,55.400
-15088.092,-543.276,-9.790,55.450
-15115.255,-543.794,-10.363,55.500
-15142.445,-544.270,-9.529,55.550
-15169.659,-544.757,-9.725,55.600
-15196.896,-545.267,-10.210,55.650
-15224.160,-545.777,-10.204,55.700
-15251.449,-546.232,-9.087,55.750
-15278.760,-546.678,-8.928,55.800
-15306.094,-547.173,-9.905,55.850
-15333.453,-547.662,-9.780,55.900
-15360.836,-548.144,-9.631,55.950
-15388.243,-548.631,-9.744,56.000
-15415.675,-549.159,-10.559,56.050
-15443.133,-549.640,-9.619,56.100
-15470.615,-550.177,-10.744,56.150
-15498.123,-550.684,-10.138,56.200
-15525.658,-551.163,-9.584,56.250
-15553.216,-551.640,-9.542,56.300
-15580.798,-552.149,-10.172,56.350
-15608.405,-552.650,-10.015,56.400
-15636.038,-553.153,-10.076,56.450
-15663.695,-553.646,-9.856,56.500
-15691.378,-554.137,-9.822,56.550
-15719.085,-554.613,-9.511,56.600
-15746.815,-555.115,-10.041,56.650
-15774.571,-555.597,-9.643,56.700
-15802.351,-556.076,-9.583,56.750
-15830.155,-556.562,-9.721,56.800
-15857.983,-557.059,-9.926,56.850
-15885.836,-557.545,-9.729,56.900
-15913.713,-558.019,-9.474,56.950
-15941.614,-558.491,-9.435,57.000
-15969.538,-558.940,-8.998,57.050
-15997.485,-559.453,-10.253,57.100
-16025.458,-559.953,-10.007,57.150
-16053.456,-560.480,-10.532,57.200
-16081.480,-560.950,-9.394,57.250
-16109.527,-561.448,-9.960,57.300
-16137.600,-561.934,-9.718,57.350
-16165.696,-562.438,-10.080,57.400
-16193.818,-562.935,-9.956,57.450
-16221.965,-563.399,-9.263,57.500
-16250.135,-563.873,-9.500,57.550
-16278.329,-564.366,-9.860,57.600
-16306.547,-564.840,-9.467,57.650
-16334.789,-565.313,-9.457,57.700
-16363.054,-565.812,-9.985,57.750
-16391.345,-566.335,-10.467,57.800
-16419.662,-566.846,-10.212,57.850
-16448.004,-567.366,-10.410,57.900
-16476.372,-567.831,-9.289,57.950
-16504.764,-568.291,-9.212,58.000
-16533.179,-568.746,-9.101,58.050
-16561.616,-569.282,-10.713,58.100
-16590.080,-569.749,-9.331,58.150
-16618.567,-570.190,-8.821,58.200
-16647.077,-570.655,-9.313,58.250
-16675.610,-571.194,-10.772,58.300
-16704.169,-571.645,-9.019,58.350
-16732.752,-572.134,-9.791,58.400
-16761.358,-572.630,-9.914,58.450
-16789.990,-573.111,-9.608,58.500
-16818.645,-573.624,-10.279,58.550
-16847.327,-574.115,-9.809,58.600
-16876.032,-574.569,-9.085,58.650
-16904.761,-575.046,-9.532,58.700
-16933.513,-575.535,-9.784,58.750
-16962.290,-576.023,-9.770,58.800
-16991.091,-576.540,-10.338,58.850
-17019.918,-577.034,-9.877,58.900
-17048.770,-577.561,-10.541,58.950
-17077.648,-578.029,-9.353,59.000
-17106.549,-578.568,-10.787,59.050
-17135.478,-579.040,-9.428,59.100
-17164.430,-579.508,-9.372,59.150
-17193.405,-579.969,-9.220,59.200
-17222.403,-580.458,-9.771,59.250
-17251.426,-580.928,-9.400,59.300
-17280.473,-581.422,-9.881,59.350
-17309.544,-581.939,-10.341,59.400
-17338.641,-582.395,-9.125,59.450
-17367.761,-582.888,-9.853,59.500
-17396.905,-583.410,-10.440,59.550
-17426.075,-583.911,-10.019,59.600
-17455.271,-584.411,-10.001,59.650
-17484.492,-584.891,-9.604,59.700
-17513.736,-585.329,-8.760,59.750
-17543.003,-585.808,-9.576,59.800
-17572.293,-586.294,-9.717,59.850
-17601.608,-586.729,-8.712,59.900
-17630.944,-587.198,-9.372,59.950
-17660.304,-587.683,-9.696,60.000
-17689.688,-588.184,-10.024,60.050
-17719.097,-588.667,-9.669,60.100
-17748.531,-589.159,-9.840,60.150
-17777.989,-589.648,-9.769,60.200
-17807.471,-590.109,-9.222,60.250
-17836.977,-590.612,-10.052,60.300
-17866.507,-591.091,-9.580,60.350
-17896.062,-591.560,-9.386,60.400
-17925.640,-592.065,-10.106,60.450
-17955.243,-592.574,-10.178,60.500
-17984.872,-593.068,-9.877,60.550
-18014.525,-593.569,-10.016,60.600
-18044.203,-594.033,-9.295,60.650
-18073.905,-594.546,-10.258,60.700
-18103.632,-595.035,-9.779,60.750
-18133.384,-595.469,-8.671,60.800
-18163.158,-595.950,-9.625,60.850
-18192.955,-596.428,-9.551,60.900
-18222.777,-596.892,-9.291,60.950
-18252.621,-597.393,-10.017,61.000
-18282.491,-597.908,-10.294,61.050
-18312.386,-598.394,-9.731,61.100
-18342.306,-598.879,-9.691,61.150
-18372.250,-599.406,-10.534,61.200
-18402.220,-599.888,-9.642,61.250
-18432.215,-600.354,-9.332,61.300
-18462.232,-600.865,-10.218,61.350
-18492.276,-601.346,-9.615,61.400
-18522.343,-601.817,-9.411,61.450
-18552.434,-602.294,-9.548,61.500
-18582.548,-602.769,-9.505,61.550
-18612.687,-603.265,-9.919,61.600
-18642.850,-603.781,-10.314,61.650
-18673.039,-604.281,-10.010,61.700
-18703.253,-604.785,-10.072,61.750
-18733.492,-605.277,-9.846,61.800
-18763.756,-605.743,-9.321,61.850
-18794.043,-606.263,-10.397,61.900
-18824.357,-606.750,-9.745,61.950
-18854.694,-607.265,-10.286,62.000
-18885.057,-607.772,-10.141,62.050
-18915.446,-608.250,-9.560,62.100
-18945.858,-608.767,-10.342,62.150
-18976.297,-609.241,-9.482,62.200
-19006.759,-609.762,-10.415,62.250
-19037.247,-610.237,-9.512,62.300
-19067.759,-610.762,-10.503,62.350
-19098.297,-611.267,-10.086,62.400
-19128.860,-611.715,-8.962,62.450
-19159.446,-612.167,-9.046,62.500
-19190.054,-612.667,-9.994,62.550
-19220.688,-613.149,-9.636,62.600
-19251.345,-613.612,-9.272,62.650
-19282.026,-614.087,-9.505,62.700
-19312.730,-614.584,-9.932,62.750
-19343.459,-615.091,-10.145,62.800
-19374.214,-615.562,-9.422,62.850
-19404.992,-616.028,-9.304,62.900
-19435.793,-616.480,-9.043,62.950
-19466.617,-617.008,-10.565,63.000
-19497.468,-617.527,-10.370,63.050
-19528.344,-617.991,-9.290,63.100
-19559.244,-618.516,-10.504,63.150
-19590.169,-618.979,-9.256,63.200
-19621.118,-619.474,-9.906,63.250
-19652.092,-619.976,-10.043,63.300
-19683.091,-620.462,-9.718,63.350
-19714.114,-620.983,-10.412,63.400
-19745.163,-621.455,-9.441,63.450
-19776.236,-621.908,-9.054,63.500
-19807.331,-622.379,-9.421,63.550
-19838.450,-622.875,-9.920,63.600
-19869.594,-623.400,-10.498,63.650
-19900.764,-623.924,-10.481,63.700
-19931.960,-624.444,-10.405,63.750
-19963.182,-624.935,-9.815,63.800
-19994.429,-625.423,-9.759,63.850
-20025.700,-625.894,-9.422,63.900
-20056.995,-626.424,-10.613,63.950
-20088.316,-626.886,-9.224,64.000
-20119.660,-627.361,-9.499,64.050
-20151.028,-627.858,-9.956,64.100
-20182.421,-628.376,-10.342,64.150
-20213.840,-628.838,-9.251,64.200
-20245.282,-629.335,-9.944,64.250
-20276.749,-629.826,-9.819,64.300
-20308.240,-630.308,-9.638,64.350
-20339.756,-630.819,-10.218,64.400
-20371.297,-631.316,-9.936,64.450
-20402.862,-631.787,-9.423,64.500
-20434.452,-632.260,-9.468,64.550
-20466.065,-632.734,-9.464,64.600
-20497.701,-633.250,-10.327,64.650
-20529.364,-633.746,-9.916,64.700
-20561.051,-634.245,-9.987,64.750
-20592.763,-634.726,-9.620,64.800
-20624.500,-635.209,-9.660,64.850
-20656.260,-635.696,-9.740,64.900
-20688.045,-636.132,-8.707,64.950
-20719.852,-636.629,-9.940,65.000
-20751.683,-637.128,-9.992,65.050
-20783.539,-637.645,-10.327,65.100
-20815.422,-638.169,-10.498,65.150
-20847.330,-638.687,-10.356,65.200
-20879.264,-639.194,-10.131,65.250
-20911.224,-639.655,-9.224,65.300
-20943.207,-640.145,-9.792,65.350
-20975.214,-640.631,-9.724,65.400
-21007.246,-641.123,-9.853,65.450
-21039.302,-641.606,-9.647,65.500
-21071.382,-642.065,-9.183,65.550
-21103.485,-642.600,-10.702,65.600
-21135.615,-643.063,-9.265,65.650
-21167.769,-643.610,-10.935,65.700
-21199.949,-644.100,-9.797,65.750
-21232.154,-644.541,-8.830,65.800
-21264.381,-645.017,-9.506,65.850
-21296.632,-645.499,-9.643,65.900
-21328.907,-645.945,-8.915,65.950
-21361.204,-646.451,-10.124,66.000
-21393.527,-646.932,-9.616,66.050
-21425.873,-647.409,-9.551,66.100
-21458.244,-647.911,-10.044,66.150
-21490.639,-648.411,-10.004,66.200
-21523.060,-648.914,-10.053,66.250
-21555.506,-649.403,-9.771,66.300
-21587.976,-649.881,-9.566,66.350
-21620.470,-650.369,-9.755,66.400
-21652.988,-650.843,-9.493,66.450
-21685.530,-651.378,-10.691,66.500
-21718.099,-651.873,-9.908,66.550
-21750.693,-652.387,-10.268,66.600
-21783.312,-652.870,-9.675,66.650
-21815.956,-653.354,-9.682,66.700
-21848.623,-653.848,-9.862,66.750
-21881.316,-654.327,-9.582,66.800
-21914.032,-654.795,-9.364,66.850
-21946.772,-655.287,-9.837,66.900
-21979.536,-655.801,-10.280,66.950
-22012.326,-656.327,-10.517,67.000
-22045.143,-656.816,-9.794,67.050
-22077.983,-657.301,-9.702,67.100
-22110.848,-657.814,-10.244,67.150
-22143.739,-658.288,-9.485,67.200
-22176.654,-658.789,-10.015,67.250
-22209.593,-659.316,-10.551,67.300
-22242.559,-659.779,-9.248,67.350
-22275.548,-660.243,-9.298,67.400
-22308.560,-660.779,-10.711,67.450
-22341.599,-661.282,-10.062,67.500
-22374.663,-661.786,-10.079,67.550
-22407.752,-662.240,-9.077,67.600
-22440.864,-662.733,-9.854,67.650
-22474.001,-663.257,-10.479,67.700
-22507.164,-663.727,-9.416,67.750
-22540.350,-664.245,-10.360,67.800
-22573.562,-664.742,-9.926,67.850
-22606.799,-665.249,-10.154,67.900
-22640.062,-665.752,-10.061,67.950
-22673.350,-666.222,-9.391,68.000
-22706.661,-666.678,-9.130,68.050
-22739.995,-667.197,-10.380,68.100
-22773.354,-667.674,-9.530,68.150
-22806.738,-668.181,-10.138,68.200
-22840.147,-668.687,-10.124,68.250
-22873.581,-669.167,-9.591,68.300
-22907.040,-669.680,-10.270,68.350
-22940.524,-670.160,-9.600,68.400
-22974.032,-670.634,-9.483,68.450
-23007.564,-671.134,-10.003,68.500
-23041.120,-671.595,-9.217,68.550
-23074.700,-672.114,-10.379,68.600
-23108.306,-672.575,-9.208,68.650
-23141.934,-673.109,-10.679,68.700
-23175.590,-673.539,-8.603,68.750
-23209.267,-674.038,-9.992,68.800
-23242.969,-674.555,-10.330,68.850
-23276.696,-675.050,-9.914,68.900
-23310.449,-675.564,-10.278,68.950
-23344.227,-676.046,-9.637,69.000
-23378.029,-676.506,-9.198,69.050
-23411.855,-677.019,-10.254,69.100
-23445.706,-677.496,-9.551,69.150
-23479.581,-678.021,-10.495,69.200
-23513.482,-678.489,-9.348,69.250
-23547.406,-678.970,-9.624,69.300
-23581.355,-679.436,-9.329,69.350
-23615.326,-679.929,-9.865,69.400
-23649.323,-680.430,-10.005,69.450
-23683.344,-680.902,-9.445,69.500
-23717.389,-681.422,-10.395,69.550
-23751.460,-681.951,-10.589,69.600
-23785.558,-682.442,-9.812,69.650
-23819.680,-682.941,-9.984,69.700
-23853.827,-683.419,-9.562,69.750
-23887.998,-683.885,-9.322,69.800
-23922.192,-684.364,-9.572,69.850
-23956.411,-684.832,-9.357,69.900
-23990.652,-685.315,-9.666,69.950
-24024.918,-685.794,-9.589,70.000
-24059.208,-686.287,-9.862,70.050
-24093.522,-686.768,-9.602,70.100
-24127.860,-687.254,-9.735,70.150
-24162.223,-687.738,-9.665,70.200
-24196.610,-688.232,-9.885,70.250
-24231.022,-688.704,-9.448,70.300
-24265.457,-689.211,-10.128,70.350
-24299.917,-689.701,-9.818,70.400
-24334.402,-690.163,-9.223,70.450
-24368.910,-690.674,-10.234,70.500
-24403.444,-691.213,-10.777,70.550
-24438.005,-691.696,-9.646,70.600
-24472.590,-692.192,-9.925,70.650
-24507.199,-692.660,-9.358,70.700
-24541.832,-693.153,-9.868,70.750
-24576.490,-693.657,-10.080,70.800
-24611.173,-694.149,-9.844,70.850
-24645.880,-694.615,-9.321,70.900
-24680.611,-695.093,-9.553,70.950
-24715.366,-695.638,-10.898,71.000
-24750.147,-696.124,-9.727,71.050
-24784.954,-696.609,-9.705,71.100
-24819.784,-697.100,-9.818,71.150
-24854.639,-697.605,-10.083,71.200
-24889.519,-698.068,-9.276,71.250
-24924.423,-698.531,-9.254,71.300
-24959.349,-699.071,-10.795,71.350
-24994.303,-699.579,-10.167,71.400
-25029.282,-700.073,-9.875,71.450
-25064.285,-700.542,-9.386,71.500
-25099.313,-701.032,-9.794,71.550
-25134.364,-701.538,-10.116,71.600
-25169.441,-702.012,-9.493,71.650
-25204.542,-702.508,-9.905,71.700
-25239.667,-703.001,-9.863,71.750
-25274.817,-703.492,-9.822,71.800
-25309.992,-703.969,-9.553,71.850
-25345.190,-704.467,-9.948,71.900
-25380.414,-704.942,-9.503,71.950
-25415.661,-705.434,-9.843,72.000
-25450.932,-705.948,-10.287,72.050
-25486.230,-706.440,-9.826,72.100
-25521.552,-706.953,-10.264,72.150
-25556.899,-707.443,-9.792,72.200
-25592.271,-707.914,-9.439,72.250
-25627.667,-708.429,-10.290,72.300
-25663.089,-708.911,-9.647,72.350
-25698.534,-709.420,-10.181,72.400
-25734.005,-709.906,-9.720,72.450
-25769.501,-710.378,-9.425,72.500
-25805.019,-710.916,-10.762,72.550
-25840.565,-711.431,-10.308,72.600
-25876.137,-711.930,-9.975,72.650
-25911.733,-712.413,-9.669,72.700
-25947.354,-712.908,-9.884,72.750
-25982.999,-713.399,-9.831,72.800
-26018.669,-713.844,-8.896,72.850
-26054.362,-714.362,-10.352,72.900
-26090.080,-714.827,-9.302,72.950
-26125.821,-715.325,-9.967,73.000
-26161.587,-715.803,-9.564,73.050
-26197.377,-716.246,-8.858,73.100
-26233.190,-716.721,-9.502,73.150
-26269.026,-717.203,-9.643,73.200
-26304.886,-717.658,-9.095,73.250
-26340.769,-718.123,-9.307,73.300
-26376.675,-718.632,-10.167,73.350
-26412.607,-719.116,-9.678,73.400
-26448.562,-719.645,-10.578,73.450
-26484.545,-720.147,-10.052,73.500
-26520.552,-720.631,-9.670,73.550
-26556.583,-721.135,-10.079,73.600
-26592.640,-721.619,-9.688,73.650
-26628.721,-722.110,-9.816,73.700
-26664.827,-722.588,-9.570,73.750
-26700.956,-723.088,-10.000,73.800
-26737.110,-723.600,-10.230,73.850
-26773.290,-724.057,-9.149,73.900
-26809.493,-724.559,-10.032,73.950
-26845.721,-725.035,-9.515,74.000
-26881.973,-725.493,-9.168,74.050
-26918.248,-725.980,-9.737,74.100
-26954.547,-726.490,-10.193,74.150
-26990.871,-726.984,-9.890,74.200
-27027.220,-727.452,-9.355,74.250
-27063.593,-727.938,-9.718,74.300
-27099.990,-728.455,-10.349,74.350
-27136.413,-728.932,-9.543,74.400
-27172.859,-729.406,-9.466,74.450
-27209.329,-729.904,-9.969,74.500
-27245.825,-730.381,-9.537,74.550
-27282.344,-730.866,-9.700,74.600
-27318.887,-731.361,-9.898,74.650
-27355.455,-731.880,-10.388,74.700
-27392.049,-732.347,-9.328,74.750
-27428.666,-732.820,-9.470,74.800
-27465.307,-733.298,-9.549,74.850
-27501.972,-733.754,-9.119,74.900
-27538.660,-734.223,-9.387,74.950
-27575.371,-734.698,-9.503,75.000
-27612.106,-735.238,-10.800,75.050
-27648.868,-735.702,-9.275,75.100
-27685.653,-736.190,-9.773,75.150
-27722.463,-736.674,-9.670,75.200
-27759.296,-737.157,-9.667,75.250
-27796.154,-737.631,-9.464,75.300
-27833.036,-738.096,-9.308,75.350
-27869.940,-738.572,-9.526,75.400
-27906.869,-739.052,-9.597,75.450
-27943.822,-739.537,-9.706,75.500
-27980.799,-740.103,-11.309,75.550
-28017.804,-740.600,-9.939,75.600
-28054.834,-741.111,-10.231,75.650
-28091.889,-741.575,-9.269,75.700
-28128.968,-742.051,-9.533,75.750
-28166.071,-742.552,-10.015,75.800
-28203.198,-743.051,-9.970,75.850
-28240.351,-743.550,-9.986,75.900
-28277.528,-744.050,-9.994,75.950
-28314.731,-744.573,-10.456,76.000
-28351.959,-745.100,-10.553,76.050
-28389.214,-745.590,-9.797,76.100
-28426.494,-746.056,-9.329,76.150
-28463.797,-746.559,-10.050,76.200
-28501.125,-747.043,-9.674,76.250
-28538.477,-747.517,-9.482,76.300
-28575.853,-748.030,-10.254,76.350
-28613.254,-748.520,-9.819,76.400
-28650.680,-749.026,-10.108,76.450
-28688.131,-749.480,-9.092,76.500
-28725.605,-749.936,-9.111,76.550
-28763.102,-750.449,-10.254,76.600
-28800.625,-750.931,-9.637,76.650
-28838.171,-751.397,-9.333,76.700
-28875.741,-751.869,-9.431,76.750
-28913.334,-752.357,-9.774,76.800
-28950.952,-752.819,-9.226,76.850
-28988.593,-753.329,-10.215,76.900
-29026.260,-753.827,-9.946,76.950
-29063.951,-754.337,-10.202,77.000
-29101.668,-754.810,-9.460,77.050
-29139.408,-755.313,-10.071,77.100
-29177.174,-755.808,-9.887,77.150
-29214.964,-756.284,-9.534,77.200
-29252.779,-756.759,-9.498,77.250
-29290.617,-757.270,-10.216,77.300
-29328.480,-757.737,-9.337,77.350
-29366.367,-758.217,-9.606,77.400
-29404.278,-758.732,-10.294,77.450
-29442.214,-759.252,-10.404,77.500
-29480.177,-759.743,-9.817,77.550
-29518.164,-760.214,-9.430,77.600
-29556.175,-760.685,-9.418,77.650
-29594.209,-761.168,-9.651,77.700
-29632.268,-761.657,-9.788,77.750
-29670.350,-762.136,-9.581,77.800
-29708.457,-762.646,-10.193,77.850
-29746.590,-763.099,-9.056,77.900
-29784.745,-763.552,-9.061,77.950
-29822.922,-764.033,-9.618,78.000
-29861.124,-764.519,-9.722,78.050
-29899.350,-765.019,-9.994,78.100
-29937.601,-765.497,-9.574,78.150
-29975.876,-766.003,-10.119,78.200
-30014.176,-766.543,-10.804,78.250
-30052.503,-767.095,-11.024,78.300
-30090.858,-767.603,-10.168,78.350
-30129.238,-768.090,-9.740,78.400
-30167.642,-768.573,-9.662,78.450
-30206.071,-769.074,-10.028,78.500
-30244.525,-769.562,-9.747,78.550
-30283.003,-770.058,-9.933,78.600
-30321.506,-770.571,-10.257,78.650
-30360.034,-771.063,-9.834,78.700
-30398.587,-771.535,-9.446,78.750
-30437.164,-772.047,-10.237,78.800
-30475.766,-772.559,-10.236,78.850
-30514.394,-773.073,-10.288,78.900
-30553.048,-773.607,-10.676,78.950
-30591.728,-774.108,-10.025,79.000
-30630.434,-774.583,-9.491,79.050
-30669.163,-775.070,-9.732,79.100
-30707.916,-775.564,-9.886,79.150
-30746.695,-776.051,-9.752,79.200
-30785.497,-776.553,-10.029,79.250
-30824.325,-777.087,-10.681,79.300
-30863.179,-777.560,-9.460,79.350
-30902.057,-778.026,-9.331,79.400
-30940.959,-778.533,-10.136,79.450
-30979.885,-779.027,-9.877,79.500
-31018.837,-779.523,-9.916,79.550
-31057.813,-780.006,-9.653,79.600
-31096.813,-780.458,-9.054,79.650
-31135.836,-780.923,-9.291,79.700
-31174.882,-781.422,-9.979,79.750
-31213.953,-781.900,-9.567,79.800
-31253.048,-782.363,-9.249,79.850
-31292.166,-782.844,-9.627,79.900
-31331.308,-783.335,-9.812,79.950
-31370.475,-783.815,-9.611,80.000
-31409.666,-784.321,-10.125,80.050
-31448.882,-784.824,-10.059,80.100
-31488.123,-785.339,-10.286,80.150
-31527.390,-785.822,-9.673,80.200
-31566.681,-786.316,-9.869,80.250
-31605.997,-786.825,-10.178,80.300
-31645.338,-787.319,-9.883,80.350
-31684.704,-787.799,-9.600,80.400
-31724.094,-788.246,-8.954,80.450
-31763.506,-788.714,-9.357,80.500
-31802.942,-789.256,-10.832,80.550
-31842.405,-789.741,-9.703,80.600
-31881.892,-790.200,-9.171,80.650
-31921.402,-790.720,-10.408,80.700
-31960.938,-791.198,-9.563,80.750
-32000.498,-791.694,-9.916,80.800
-32040.083,-792.159,-9.296,80.850
-32079.690,-792.640,-9.629,80.900
-32119.322,-793.150,-10.205,80.950
-32158.980,-793.645,-9.900,81.000
-32198.662,-794.139,-9.873,81.050
-32238.369,-794.632,-9.865,81.100
-32278.101,-795.098,-9.309,81.150
-32317.856,-795.607,-10.187,81.200
-32357.636,-796.075,-9.361,81.250
-32397.440,-796.572,-9.945,81.300
-32437.268,-797.058,-9.710,81.350
-32477.121,-797.547,-9.778,81.400
-32516.999,-798.038,-9.820,81.450
-32556.901,-798.529,-9.816,81.500
-32596.827,-798.987,-9.158,81.550
-32636.776,-799.458,-9.433,81.600
-32676.749,-799.957,-9.972,81.650
-32716.747,-800.412,-9.102,81.700
-32756.768,-800.896,-9.687,81.750
-32796.812,-801.379,-9.650,81.800
-32836.881,-801.888,-10.184,81.850
-32876.976,-802.390,-10.032,81.900
-32917.095,-802.896,-10.118,81.950
-32957.240,-803.384,-9.772,82.000
-32997.409,-803.860,-9.524,82.050
-33037.602,-804.343,-9.646,82.100
-33077.819,-804.798,-9.100,82.150
-33118.059,-805.308,-10.207,82.200
-33158.325,-805.796,-9.759,82.250
-33198.615,-806.315,-10.384,82.300
-33238.930,-806.826,-10.222,82.350
-33279.272,-807.288,-9.244,82.400
-33319.636,-807.789,-10.017,82.450
-33360.025,-808.298,-10.169,82.500
-33400.440,-808.836,-10.763,82.550
-33440.882,-809.345,-10.174,82.600
-33481.349,-809.840,-9.902,82.650
-33521.841,-810.360,-10.417,82.700
-33562.359,-810.857,-9.928,82.750
-33602.902,-811.319,-9.242,82.800
-33643.468,-811.825,-10.126,82.850
-33684.059,-812.337,-10.232,82.900
-33724.676,-812.852,-10.313,82.950
-33765.319,-813.369,-10.321,83.000
-33805.987,-813.847,-9.570,83.050
-33846.680,-814.336,-9.788,83.100
-33887.396,-814.806,-9.382,83.150
-33928.137,-815.251,-8.907,83.200
-33968.899,-815.782,-10.629,83.250
-34009.688,-816.264,-9.640,83.300
-34050.502,-816.780,-10.310,83.350
-34091.341,-817.253,-9.457,83.400
-34132.203,-817.749,-9.932,83.450
-34173.091,-818.239,-9.798,83.500
-34214.003,-818.758,-10.384,83.550
-34254.941,-819.258,-10.001,83.600
-34295.904,-819.747,-9.770,83.650
-34336.891,-820.207,-9.204,83.700
-34377.901,-820.715,-10.165,83.750
-34418.937,-821.218,-10.056,83.800
-34459.998,-821.688,-9.388,83.850
-34501.082,-822.197,-10.194,83.900
-34542.192,-822.662,-9.299,83.950
-34583.325,-823.153,-9.814,84.000
-34624.483,-823.637,-9.674,84.050
-34665.665,-824.119,-9.646,84.100
-34706.871,-824.623,-10.086,84.150
-34748.102,-825.105,-9.636,84.200
-34789.357,-825.613,-10.155,84.250
-34830.638,-826.114,-10.035,84.300
-34871.943,-826.592,-9.560,84.350
-34913.273,-827.076,-9.679,84.400
-34954.627,-827.569,-9.844,84.450
-34996.005,-828.087,-10.373,84.500
-35037.410,-828.600,-10.261,84.550
-35078.840,-829.085,-9.686,84.600
-35120.294,-829.559,-9.483,84.650
-35161.772,-830.074,-10.306,84.700
-35203.276,-830.583,-10.186,84.750
-35244.805,-831.071,-9.750,84.800
-35286.358,-831.559,-9.760,84.850
-35327.936,-832.086,-10.536,84.900
-35369.540,-832.572,-9.738,84.950
-35411.169,-833.076,-10.078,85.000
-35452.823,-833.530,-9.076,85.050
-35494.499,-834.015,-9.699,85.100
-35536.200,-834.496,-9.622,85.150
-35577.925,-834.977,-9.610,85.200
-35619.674,-835.494,-10.353,85.250
-35661.449,-835.941,-8.941,85.300
-35703.246,-836.468,-10.536,85.350
-35745.069,-836.941,-9.454,85.400
-35786.916,-837.418,-9.533,85.450
-35828.787,-837.919,-10.023,85.500
-35870.683,-838.394,-9.512,85.550
-35912.603,-838.892,-9.952,85.600
-35954.547,-839.397,-10.112,85.650
-35996.517,-839.877,-9.600,85.700
-36038.511,-840.391,-10.260,85.750
-36080.530,-840.886,-9.910,85.800
-36122.575,-841.390,-10.076,85.850
-36164.644,-841.888,-9.960,85.900
-36206.739,-842.369,-9.616,85.950
-36248.857,-842.872,-10.076,86.000
-36291.001,-843.367,-9.896,86.050
-36333.169,-843.869,-10.035,86.100
-36375.362,-844.327,-9.164,86.150
-36417.579,-844.810,-9.657,86.200
-36459.819,-845.296,-9.712,86.250
-36502.084,-845.771,-9.504,86.300
-36544.373,-846.275,-10.076,86.350
-36586.686,-846.746,-9.426,86.400
-36629.024,-847.229,-9.655,86.450
-36671.385,-847.754,-10.508,86.500
-36713.773,-848.276,-10.449,86.550
-36756.187,-848.780,-10.066,86.600
-36798.626,-849.300,-10.401,86.650
-36841.091,-849.796,-9.917,86.700
-36883.580,-850.309,-10.263,86.750
-36926.096,-850.802,-9.854,86.800
-36968.636,-851.260,-9.179,86.850
-37011.199,-851.752,-9.832,86.900
-37053.787,-852.249,-9.945,86.950
-37096.399,-852.731,-9.636,87.000
-37139.036,-853.237,-10.121,87.050
-37181.697,-853.709,-9.433,87.100
-37224.383,-854.188,-9.589,87.150
-37267.092,-854.678,-9.793,87.200
-37309.826,-855.165,-9.741,87.250
-37352.584,-855.610,-8.897,87.300
-37395.365,-856.079,-9.389,87.350
-37438.169,-856.521,-8.826,87.400
-37480.995,-856.999,-9.572,87.450
-37523.845,-857.523,-10.468,87.500
-37566.721,-858.019,-9.927,87.550
-37609.622,-858.547,-10.570,87.600
-37652.549,-859.026,-9.574,87.650
-37695.501,-859.500,-9.477,87.700
-37738.476,-860.010,-10.206,87.750
-37781.476,-860.515,-10.103,87.800
-37824.502,-861.003,-9.743,87.850
-37867.552,-861.520,-10.346,87.900
-37910.628,-862.039,-10.379,87.950
-37953.730,-862.502,-9.256,88.000
-37996.855,-862.990,-9.759,88.050
-38040.005,-863.493,-10.060,88.100
-38083.179,-864.021,-10.567,88.150
-38126.380,-864.492,-9.429,88.200
-38169.605,-864.998,-10.116,88.250
-38212.855,-865.447,-8.978,88.300
-38256.127,-865.918,-9.426,88.350
-38299.423,-866.427,-10.171,88.400
-38342.744,-866.933,-10.130,88.450
-38386.091,-867.385,-9.040,88.500
-38429.460,-867.878,-9.848,88.550
-38472.854,-868.380,-10.040,88.600
-38516.273,-868.870,-9.798,88.650
-38559.717,-869.372,-10.042,88.700
-38603.185,-869.857,-9.702,88.750
-38646.678,-870.349,-9.844,88.800
-38690.196,-870.820,-9.418,88.850
-38733.737,-871.319,-9.984,88.900
-38777.303,-871.829,-10.206,88.950
-38820.894,-872.328,-9.966,89.000
-38864.510,-872.826,-9.969,89.050
-38908.152,-873.318,-9.845,89.100
-38951.818,-873.795,-9.526,89.150
-38995.507,-874.272,-9.551,89.200
-39039.221,-874.736,-9.273,89.250
-39082.958,-875.245,-10.173,89.300
-39126.720,-875.726,-9.636,89.350
-39170.506,-876.201,-9.485,89.400
-39214.316,-876.706,-10.112,89.450
-39258.152,-877.201,-9.903,89.500
-39302.012,-877.731,-10.593,89.550
-39345.898,-878.201,-9.404,89.600
-39389.808,-878.697,-9.906,89.650
-39433.743,-879.169,-9.449,89.700
-39477.702,-879.655,-9.718,89.750
-39521.684,-880.150,-9.893,89.800
-39565.692,-880.676,-10.522,89.850
-39609.726,-881.198,-10.443,89.900
-39653.785,-881.746,-10.970,89.950
-39697.873,-882.249,-10.062,90.000
-39741.985,-882.689,-8.791,90.050
-39786.120,-883.208,-10.386,90.100
-39830.280,-883.758,-10.987,90.150
-39874.468,-884.227,-9.379,90.200
-39918.679,-884.664,-8.753,90.250
-39962.913,-885.148,-9.677,90.300
-40007.170,-885.632,-9.681,90.350
-40051.452,-886.129,-9.949,90.400
-40095.758,-886.660,-10.612,90.450
-40140.091,-887.183,-10.459,90.500
-40184.450,-887.681,-9.952,90.550
-40228.834,-888.182,-10.037,90.600
-40273.243,-888.676,-9.862,90.650
-40317.677,-889.148,-9.439,90.700
-40362.134,-889.651,-10.070,90.750
-40406.617,-890.123,-9.430,90.800
-40451.123,-890.626,-10.067,90.850
-40495.654,-891.093,-9.346,90.900
-40540.209,-891.582,-9.771,90.950
-40584.788,-892.082,-10.005,91.000
-40629.392,-892.571,-9.779,91.050
-40674.021,-893.068,-9.941,91.100
-40718.674,-893.556,-9.759,91.150
-40763.352,-894.030,-9.471,91.200
-40808.053,-894.522,-9.849,91.250
-40852.780,-895.021,-9.975,91.300
-40897.531,-895.536,-10.312,91.350
-40942.307,-896.014,-9.551,91.400
-40987.108,-896.497,-9.654,91.450
-41031.933,-897.014,-10.339,91.500
-41076.784,-897.485,-9.436,91.550
-41121.658,-898.003,-10.346,91.600
-41166.558,-898.470,-9.350,91.650
-41211.482,-898.945,-9.502,91.700
-41256.429,-899.426,-9.622,91.750
-41301.400,-899.925,-9.979,91.800
-41346.396,-900.403,-9.553,91.850
-41391.417,-900.869,-9.329,91.900
-41436.460,-901.347,-9.545,91.950
-41481.527,-901.852,-10.110,92.000
-41526.620,-902.337,-9.690,92.050
-41571.737,-902.802,-9.304,92.100
-41616.877,-903.243,-8.827,92.150
-41662.039,-903.738,-9.902,92.200
-41707.226,-904.210,-9.426,92.250
-41752.436,-904.675,-9.303,92.300
-41797.670,-905.183,-10.173,92.350
-41842.929,-905.634,-9.013,92.400
-41888.211,-906.148,-10.286,92.450
-41933.518,-906.621,-9.448,92.500
-41978.849,-907.104,-9.673,92.550
-42024.205,-907.594,-9.785,92.600
-42069.584,-908.027,-8.671,92.650
-42114.986,-908.524,-9.945,92.700
-42160.412,-909.022,-9.952,92.750
-42205.863,-909.483,-9.215,92.800
-42251.337,-909.956,-9.469,92.850
-42296.835,-910.418,-9.237,92.900
-42342.356,-910.906,-9.758,92.950
-42387.901,-911.389,-9.668,93.000
-42433.471,-911.837,-8.960,93.050
-42479.063,-912.347,-10.184,93.100
-42524.680,-912.839,-9.856,93.150
-42570.322,-913.312,-9.453,93.200
-42615.987,-913.807,-9.898,93.250
-42661.678,-914.310,-10.065,93.300
-42707.393,-914.787,-9.533,93.350
-42753.133,-915.247,-9.213,93.400
-42798.895,-915.741,-9.873,93.450
-42844.682,-916.235,-9.885,93.500
-42890.494,-916.740,-10.100,93.550
-42936.331,-917.237,-9.942,93.600
-42982.193,-917.704,-9.325,93.650
-43028.078,-918.192,-9.774,93.700
-43073.987,-918.701,-10.170,93.750
-43119.923,-919.186,-9.693,93.800
-43165.882,-919.653,-9.340,93.850
-43211.864,-920.156,-10.061,93.900
-43257.872,-920.676,-10.404,93.950
-43303.906,-921.117,-8.830,94.000
-43349.962,-921.639,-10.426,94.050
-43396.044,-922.137,-9.971,94.100
-43442.151,-922.622,-9.706,94.150
-43488.282,-923.119,-9.932,94.200
-43534.438,-923.611,-9.844,94.250
-43580.618,-924.089,-9.552,94.300
-43626.823,-924.633,-10.880,94.350
-43673.054,-925.152,-10.377,94.400
-43719.312,-925.641,-9.790,94.450
-43765.594,-926.141,-9.991,94.500
-43811.901,-926.628,-9.752,94.550
-43858.232,-927.114,-9.708,94.600
-43904.588,-927.652,-10.756,94.650
-43950.971,-928.114,-9.240,94.700
-43997.376,-928.615,-10.033,94.750
-44043.807,-929.125,-10.197,94.800
-44090.263,-929.611,-9.717,94.850
-44136.744,-930.099,-9.762,94.900
-44183.249,-930.563,-9.275,94.950
-44229.777,-931.047,-9.688,95.000
-44276.329,-931.512,-9.292,95.050
-44322.905,-932.023,-10.230,95.100
-44369.506,-932.511,-9.747,95.150
-44416.132,-933.026,-10.309,95.200
-44462.783,-933.514,-9.766,95.250
-44509.459,-934.007,-9.861,95.300
-44556.159,-934.501,-9.880,95.350
-44602.884,-934.995,-9.876,95.400
-44649.634,-935.469,-9.481,95.450
-44696.407,-935.996,-10.529,95.500
-44743.207,-936.506,-10.212,95.550
-44790.032,-936.998,-9.828,95.600
-44836.882,-937.515,-10.337,95.650
-44883.758,-938.004,-9.789,95.700
-44930.658,-938.496,-9.833,95.750
-44977.583,-939.018,-10.438,95.800
-45024.534,-939.541,-10.460,95.850
-45071.511,-940.090,-10.983,95.900
-45118.515,-940.608,-10.356,95.950
-45165.546,-941.098,-9.804,96.000
-45212.601,-941.585,-9.740,96.050
-45259.680,-942.071,-9.720,96.100
-45306.783,-942.579,-10.158,96.150
-45353.912,-943.069,-9.818,96.200
-45401.066,-943.551,-9.632,96.250
-45448.243,-944.070,-10.377,96.300
-45495.447,-944.558,-9.755,96.350
-45542.675,-945.034,-9.516,96.400
-45589.927,-945.535,-10.029,96.450
-45637.203,-946.002,-9.335,96.500
-45684.503,-946.503,-10.019,96.550
-45731.828,-947.012,-10.195,96.600
-45779.179,-947.490,-9.561,96.650
-45826.554,-947.936,-8.901,96.700
-45873.950,-948.424,-9.772,96.750
-45921.372,-948.900,-9.526,96.800
-45968.817,-949.402,-10.038,96.850
-46016.287,-949.921,-10.365,96.900
-46063.783,-950.407,-9.736,96.950
-46111.303,-950.891,-9.665,97.000
-46158.848,-951.389,-9.970,97.050
-46206.417,-951.865,-9.528,97.100
-46254.010,-952.371,-10.103,97.150
-46301.629,-952.881,-10.213,97.200
-46349.273,-953.348,-9.336,97.250
-46396.940,-953.815,-9.334,97.300
-46444.631,-954.319,-10.094,97.350
-46492.347,-954.771,-9.041,97.400
-46540.086,-955.268,-9.938,97.450
-46587.849,-955.757,-9.772,97.500
-46635.637,-956.249,-9.848,97.550
-46683.449,-956.728,-9.576,97.600
-46731.286,-957.213,-9.689,97.650
-46779.146,-957.697,-9.695,97.700
-46827.031,-958.211,-10.266,97.750
-46874.942,-958.739,-10.565,97.800
-46922.879,-959.204,-9.299,97.850
-46970.839,-959.707,-10.054,97.900
-47018.824,-960.198,-9.832,97.950
-47066.834,-960.681,-9.664,98.000
-47114.868,-961.135,-9.081,98.050
-47162.925,-961.622,-9.738,98.100
-47211.006,-962.122,-9.987,98.150
-47259.112,-962.624,-10.044,98.200
-47307.243,-963.115,-9.827,98.250
-47355.399,-963.626,-10.217,98.300
-47403.580,-964.116,-9.797,98.350
-47451.786,-964.608,-9.833,98.400
-47500.017,-965.061,-9.076,98.450
-47548.270,-965.554,-9.847,98.500
-47596.547,-966.087,-10.671,98.550
-47644.852,-966.518,-8.614,98.600
-47693.178,-966.987,-9.382,98.650
-47741.527,-967.431,-8.879,98.700
-47789.899,-967.947,-10.328,98.750
-47838.296,-968.443,-9.909,98.800
-47886.718,-968.918,-9.508,98.850
-47935.164,-969.397,-9.570,98.900
-47983.634,-969.880,-9.673,98.950
-48032.128,-970.420,-10.794,99.000
-48080.649,-970.949,-10.576,99.050
-48129.196,-971.405,-9.131,99.100
-48177.767,-971.858,-9.052,99.150
-48226.359,-972.351,-9.858,99.200
-48274.977,-972.810,-9.188,99.250
-48323.618,-973.324,-10.268,99.300
-48372.284,-973.832,-10.165,99.350
-48420.975,-974.347,-10.303,99.400
-48469.693,-974.857,-10.190,99.450
-48518.435,-975.331,-9.487,99.500
-48567.202,-975.841,-10.196,99.550
-48615.994,-976.281,-8.808,99.600
-48664.808,-976.761,-9.604,99.650
-48713.646,-977.228,-9.325,99.700
-48762.508,-977.707,-9.591,99.750
-48811.393,-978.171,-9.267,99.800
-48860.301,-978.680,-10.198,99.850
-48909.235,-979.139,-9.163,99.900
-48958.192,-979.626,-9.747,99.950
-49007.174,-980.089,-9.269,100.000
