0.01,0,0.008,0.8028
0.02,0.0012,0.228,21.9969
0.03,0.0057,0.6599,43.1986
0.04,0.0152,1.2502,59.0402
0.05,0.0307,1.8432,59.3099
0.06,0.052,2.429,58.5916
0.07,0.0792,3.0076,57.8726
0.08,0.1122,3.579,57.153
0.09,0.1508,4.1432,56.4328
0.1,0.195,4.7002,55.7121
0.11,0.2447,5.25,54.9908
0.12,0.2999,5.7926,54.269
0.13,0.3605,6.328,53.5466
0.14,0.4265,6.8561,52.8237
0.15,0.4976,7.379,52.2976
0.16,0.574,7.9023,52.3445
0.17,0.6557,8.4265,52.4277
0.18,0.7426,8.9515,52.511
0.19,0.8347,9.4774,52.5943
0.2,0.9321,10.0041,52.6776
0.21,1.0348,10.5316,52.7609
0.22,1.1428,11.0599,52.8442
0.23,1.256,11.5891,52.9276
0.24,1.3746,12.1191,53.0109
0.25,1.4984,12.65,53.0942
0.26,1.6276,13.1816,53.1775
0.27,1.762,13.7141,53.2607
0.28,1.9018,14.2475,53.3438
0.29,2.047,14.7817,53.4269
0.3,2.1975,15.3167,53.5099
0.31,2.3533,15.8525,53.593
0.32,2.5145,16.3892,53.6759
0.33,2.6811,16.9267,53.7589
0.34,2.8531,17.465,53.8419
0.35,3.0304,18.0041,53.9248
0.36,3.2132,18.5441,54.0077
0.37,3.4013,19.0849,54.0906
0.38,3.5949,19.6266,54.1735
0.39,3.7938,20.169,54.2564
0.4,3.9982,20.7123,54.3392
0.41,4.2081,21.2565,54.422
0.425,4.5331,22.0742,54.5301
0.4475,5.0436,23.3042,54.6921
0.4813,5.8613,25.157,54.9349
0.5313,7.1882,27.9191,55.2946
0.5813,8.6537,30.7022,55.7062
0.6313,10.2589,33.5057,56.1154
0.6813,12.0046,36.3213,56.3562
0.7313,13.8912,39.1439,56.4954
0.7813,15.9191,41.9734,56.633
0.8313,18.0887,44.8097,56.7688
0.8813,20.4002,47.6528,56.9024
0.9313,22.8541,50.5025,57.034
0.9813,25.4506,53.3587,57.1633
1.0313,28.1901,56.2213,57.2902
1.0813,31.0728,59.0903,57.4147
1.1313,34.0992,61.9653,57.5364
1.1813,37.2695,64.8464,57.6549
1.2313,40.584,67.7334,57.77
1.2813,44.0429,70.626,57.8814
1.3313,47.6467,73.5241,57.989
1.3813,51.3955,76.4274,58.0935
1.4313,55.2895,79.336,58.1943
1.4813,59.3292,82.2494,58.2914
1.5313,63.5146,85.1677,58.3853
1.5813,67.846,88.0905,58.4772
1.6313,72.3237,91.018,58.5681
1.6813,76.9479,93.95,58.6572
1.7313,81.7188,96.8863,58.7433
1.7813,86.6366,99.8269,58.8297
1.8313,91.7016,102.7711,58.9004
1.8813,96.9136,105.7089,58.7728
1.9313,102.2722,108.6373,58.5886
1.9813,107.7771,111.5566,58.4051
2.0313,113.4276,114.4668,58.2225
2.0813,119.2235,117.3678,58.0432
2.1313,125.1642,120.2598,57.8605
2.1813,131.2492,123.1426,57.6748
2.2313,137.4782,126.016,57.484
2.2813,143.8506,128.8797,57.2866
2.3313,150.3659,131.7333,57.0827
2.3813,157.0237,134.5766,56.8727
2.4313,163.8233,137.4092,56.6569
2.4812,170.7643,140.2309,56.4361
2.5312,177.8461,143.0414,56.2096
2.5812,185.0681,145.8404,55.9771
2.6312,192.4298,148.6276,55.7363
2.6812,199.9306,151.4024,55.4844
2.7312,207.5697,154.1616,55.1644
2.7812,215.3463,156.9035,54.8155
2.8312,223.2596,159.6278,54.4607
2.8812,231.3087,162.3342,54.1026
2.9312,239.4926,165.0228,53.7483
2.9812,247.8106,167.6939,53.4021
3.0312,256.2616,170.3478,53.0634
3.0812,264.8449,172.985,52.7348
3.1312,273.5597,175.606,52.4113
3.1812,282.4051,178.2107,52.0853
3.2312,291.3804,180.799,51.7517
3.2812,300.4846,183.3703,51.4103
3.3312,309.717,185.9244,51.061
3.3812,319.0766,188.4607,50.7026
3.4312,328.5626,190.9789,50.3351
3.4812,338.1741,193.4785,49.9577
3.5312,347.91,195.9589,49.5697
3.5812,357.7695,198.4197,49.1733
3.6312,367.7515,200.8605,48.7718
3.6812,377.8551,203.2811,48.368
3.7312,388.0792,205.6817,47.9725
3.7812,398.4228,208.0629,47.5957
3.8312,408.885,210.4256,47.228
3.8812,419.4649,212.77,46.8627
3.9312,430.1616,215.096,46.4939
3.9812,440.9741,217.4034,46.1161
4.0312,451.9015,219.6916,45.7286
4.0812,462.9428,221.9602,45.3281
4.1312,474.097,224.2083,44.9161
4.1812,485.3632,226.4356,44.4901
4.2312,496.7401,228.6432,44.0889
4.2812,508.2271,230.834,43.7538
4.3312,519.8232,233.0084,43.4339
4.3812,531.5276,235.1673,43.1332
4.4312,543.3396,237.3115,42.8444
4.4812,555.2584,239.4414,42.56
4.5312,567.2834,241.5571,42.2748
4.5812,579.4138,243.6582,41.9742
4.6312,591.6489,245.7439,41.6574
4.6812,603.9876,247.8038,41.1312
4.7312,616.4267,249.7588,39.0299
4.7812,628.9605,251.5912,36.5801
4.8312,641.5817,253.2561,33.2293
4.8812,654.2788,254.6257,27.3443
4.9312,667.0368,255.6941,21.3398
4.9812,679.8407,256.463,15.3713
5.0312,692.6756,256.9338,9.4202
5.0812,705.5268,257.1138,3.6056
5.1312,718.3826,257.1186,0.1072
5.1812,731.2353,256.9906,-2.5523
5.2312,744.0783,256.7296,-5.2062
5.2812,756.9055,256.3563,-7.4514
5.3312,769.7119,255.8996,-9.1069
5.3812,782.4934,255.361,-10.7401
5.4312,795.2459,254.7412,-12.3485
5.4812,807.9654,254.0415,-13.9395
5.5312,820.6483,253.2736,-15.3024
5.5812,833.2919,252.4715,-15.9878
5.6312,845.8946,251.6373,-16.6346
5.6812,858.4548,250.7704,-17.2929
5.7312,870.9708,249.8704,-17.9563
5.7812,883.4409,248.9372,-18.6219
5.8312,895.8636,247.9708,-19.2806
5.86,902.9846,247.4004,-19.8119
5.9031,913.6351,246.5388,-19.9263
5.9531,925.9372,245.5456,-19.8016
6.0031,938.1898,244.5588,-19.672
6.0531,950.3932,243.5784,-19.547
6.1031,962.5477,242.604,-19.4321
6.1531,974.6537,241.635,-19.33
6.2031,986.7113,240.6709,-19.2352
6.2531,998.7209,239.7112,-19.1522
6.3031,1010.6825,238.7555,-19.0761
6.3531,1022.5965,237.8036,-18.9973
6.4031,1034.4629,236.8561,-18.8998
6.4531,1046.2822,235.9137,-18.7919
6.5031,1058.0544,234.9769,-18.6824
6.5531,1069.7799,234.0457,-18.5667
6.6031,1081.4591,233.12,-18.4641
6.6531,1093.092,232.1992,-18.3678
6.7031,1104.6791,231.283,-18.2826
6.7531,1116.2204,230.3709,-18.2012
6.8031,1127.7162,229.4628,-18.1267
6.8531,1139.1667,228.5582,-18.0566
6.9031,1150.5721,227.657,-17.9899
6.9531,1161.9325,226.7594,-17.9111
7.0031,1173.2481,225.8661,-17.8177
7.0531,1184.5192,224.9776,-17.7234
7.1031,1195.7459,224.0938,-17.6294
7.1531,1206.9286,223.2146,-17.5383
7.2031,1218.0675,222.3398,-17.4561
7.2531,1229.1627,221.469,-17.3782
7.3031,1240.2144,220.6018,-17.3092
7.3531,1251.2229,219.738,-17.2438
7.4031,1262.1883,218.8776,-17.1712
7.4531,1273.1107,218.0208,-17.1018
7.5031,1283.9904,217.1674,-17.0317
7.5531,1294.8275,216.3178,-16.9551
7.6031,1305.6223,215.4718,-16.8818
7.6531,1316.3748,214.6298,-16.8019
7.7031,1327.0853,213.7914,-16.7324
7.7531,1337.754,212.9565,-16.6637
7.8031,1348.381,212.1251,-16.5941
7.8531,1358.9665,211.2971,-16.5251
7.9031,1369.5108,210.4725,-16.4605
7.9531,1380.0138,209.6511,-16.3953
8.0031,1390.4759,208.8329,-16.3339
8.0531,1400.8972,208.0177,-16.2731
8.1031,1411.2778,207.2056,-16.2084
8.1531,1421.6178,206.3967,-16.1481
8.2031,1431.9175,205.5907,-16.0922
8.2531,1442.1769,204.7877,-16.0277
8.3031,1452.3963,203.9881,-15.9559
8.3531,1462.5758,203.192,-15.8891
8.4031,1472.7156,202.3991,-15.8271
8.4531,1482.8158,201.6093,-15.7657
8.5031,1492.8765,200.8225,-15.7083
8.5531,1502.898,200.0384,-15.6531
8.6031,1512.8804,199.2572,-15.5958
8.6531,1522.8238,198.4787,-15.5464
8.7031,1532.7283,197.7025,-15.4993
8.7531,1542.5941,196.9288,-15.451
8.8031,1552.4213,196.1575,-15.3989
8.8531,1562.2099,195.3889,-15.3448
8.9031,1571.9602,194.6231,-15.2848
8.9531,1581.6723,193.8605,-15.2205
9.0031,1591.3463,193.101,-15.1591
9.0531,1600.9824,192.3446,-15.1007
9.1031,1610.5808,191.5909,-15.0482
9.1531,1620.1415,190.8397,-14.9968
9.2031,1629.6648,190.0911,-14.9489
9.2531,1639.1507,189.3447,-14.9061
9.3031,1648.5993,188.6006,-14.8591
9.3531,1658.0108,187.8588,-14.8132
9.4031,1667.3852,187.1193,-14.7665
9.4531,1676.7228,186.3821,-14.7203
9.5031,1686.0235,185.6474,-14.6694
9.5531,1695.2875,184.9151,-14.6218
9.6031,1704.515,184.1852,-14.5771
9.6531,1713.7061,183.4573,-14.5374
9.7031,1722.8608,182.7315,-14.4921
9.7531,1731.9793,182.0081,-14.445
9.8031,1741.0617,181.287,-14.4015
9.8531,1750.108,180.5681,-14.3545
9.9031,1759.1185,179.8514,-14.3111
9.9531,1768.0932,179.137,-14.2642
10.0031,1777.0322,178.4249,-14.2198
10.0531,1785.9357,177.7151,-14.1737
10.1031,1794.8038,177.0075,-14.1292
10.1531,1803.6365,176.3022,-14.084
10.2031,1812.434,175.599,-14.045
10.2531,1821.1965,174.8977,-14.0075
10.3031,1829.9239,174.1983,-13.9682
10.3531,1838.6163,173.5008,-13.9308
10.4031,1847.274,172.8052,-13.8941
10.4531,1855.8969,172.1114,-13.8564
10.5031,1864.4851,171.4196,-13.8187
10.5531,1873.0389,170.7295,-13.7817
10.6031,1881.5581,170.0415,-13.7397
10.6531,1890.043,169.3555,-13.7007
10.7031,1898.4937,168.6715,-13.6588
10.7531,1906.9102,167.9895,-13.6208
10.8031,1915.2927,167.3095,-13.5806
10.8531,1923.6412,166.6314,-13.5431
10.9031,1931.9559,165.9552,-13.5074
10.9531,1940.2368,165.2807,-13.4715
11.0031,1948.484,164.6079,-13.4389
11.0531,1956.6976,163.9367,-13.4102
11.1031,1964.8777,163.267,-13.3784
11.1531,1973.0243,162.5989,-13.3462
11.2031,1981.1376,161.9324,-13.3129
11.2531,1989.2176,161.2676,-13.2795
11.3031,1997.2644,160.6045,-13.2423
11.3531,2005.2781,159.9434,-13.2037
11.4031,2013.2587,159.2842,-13.165
11.4531,2021.2065,158.6268,-13.1309
11.5031,2029.1214,157.9712,-13.0941
11.5531,2037.0036,157.3173,-13.0599
11.6031,2044.8532,156.6651,-13.0294
11.6531,2052.6702,156.0144,-12.9994
11.7031,2060.4547,155.3652,-12.9679
11.7531,2068.2067,154.7175,-12.9415
11.8031,2075.9264,154.0712,-12.911
11.8531,2083.6139,153.4263,-12.8825
11.9031,2091.2691,152.7829,-12.8543
11.9531,2098.8922,152.1408,-12.8304
12.0031,2106.4832,151.4998,-12.8068
12.0531,2114.0422,150.8602,-12.7784
12.1031,2121.5692,150.222,-12.751
12.1531,2129.0644,149.5852,-12.7187
12.2031,2136.5278,148.9501,-12.6861
12.2531,2143.9594,148.3166,-12.6539
12.3031,2151.3595,147.6847,-12.6205
12.3531,2158.7279,147.0545,-12.5889
12.4031,2166.0649,146.4258,-12.5606
12.4531,2173.3705,145.7985,-12.532
12.5031,2180.6448,145.1725,-12.5065
12.5531,2187.8878,144.5479,-12.4787
12.6031,2195.0996,143.9246,-12.4536
12.6531,2202.2803,143.3026,-12.4272
12.7031,2209.4299,142.6818,-12.403
12.7531,2216.5485,142.0622,-12.3805
12.8031,2223.6361,141.4438,-12.3578
12.8531,2230.6929,140.8265,-12.3342
12.9031,2237.7188,140.2103,-12.3112
12.9531,2244.714,139.5954,-12.2855
13.0031,2251.6784,138.9818,-12.2597
13.0531,2258.6122,138.3694,-12.2341
13.1031,2265.5153,137.7584,-12.2063
13.1531,2272.388,137.1487,-12.1811
13.2031,2279.2302,136.5403,-12.1567
13.2531,2286.0421,135.9331,-12.1316
13.3031,2292.8236,135.3271,-12.1065
13.3531,2299.5748,134.7224,-12.0844
13.4031,2306.2958,134.1188,-12.0591
13.4531,2312.9867,133.5165,-12.0334
13.5031,2319.6475,132.9154,-12.0097
13.5531,2326.2783,132.3155,-11.9856
13.6031,2332.8791,131.7168,-11.9654
13.6531,2339.45,131.1191,-11.9412
13.7031,2345.991,130.5225,-11.9211
13.7531,2352.5022,129.927,-11.9002
13.8031,2358.9837,129.3325,-11.8801
13.8531,2365.4355,128.739,-11.8595
13.9031,2371.8576,128.1465,-11.8394
13.9531,2378.2502,127.5551,-11.8187
14.0031,2384.6132,126.9646,-11.8028
14.0531,2390.9466,126.3749,-11.7845
14.1031,2397.2507,125.786,-11.7687
14.1531,2403.5253,125.1981,-11.7498
14.2031,2409.7705,124.6111,-11.7303
14.2531,2415.9864,124.0251,-11.7085
14.3031,2422.173,123.4402,-11.6855
14.3531,2428.3304,122.8565,-11.6634
14.4031,2434.4587,122.2739,-11.6398
14.4531,2440.5578,121.6924,-11.6224
14.5031,2446.6279,121.1118,-11.6016
14.5531,2452.669,120.5323,-11.579
14.6031,2458.6812,119.9538,-11.5593
14.6531,2464.6644,119.3764,-11.5358
14.7031,2470.6188,118.8002,-11.5144
14.7531,2476.5445,118.225,-11.4916
14.8031,2482.4414,117.6509,-11.4746
14.8531,2488.3096,117.0776,-11.4563
14.9031,2494.1491,116.5052,-11.4404
14.9531,2499.9601,115.9336,-11.4236
15.0031,2505.7425,115.3629,-11.4058
15.0531,2511.4964,114.7931,-11.3871
15.1031,2517.2218,114.2241,-11.3716
15.1531,2522.9188,113.6559,-11.358
15.2031,2528.5874,113.0883,-11.3429
15.2531,2534.2277,112.5215,-11.3297
15.3031,2539.8396,111.9554,-11.3148
15.3531,2545.4232,111.39,-11.3005
15.4031,2550.9786,110.8254,-11.2828
15.4531,2556.5058,110.2617,-11.2657
15.5031,2562.0048,109.6989,-11.2474
15.5531,2567.4757,109.137,-11.2293
15.6031,2572.9185,108.5759,-11.2119
15.6531,2578.3333,108.0158,-11.1955
15.7031,2583.7201,107.4564,-11.1785
15.7531,2589.0789,106.8979,-11.1616
15.8031,2594.4099,106.3402,-11.1453
15.8531,2599.713,105.7834,-11.1291
15.9031,2604.9882,105.2273,-11.1156
15.9531,2610.2357,104.6719,-11.1003
16.0031,2615.4554,104.1172,-11.0853
16.0531,2620.6475,103.5633,-11.0708
16.1031,2625.8118,103.0102,-11.0551
16.1531,2630.9485,102.4578,-11.0414
16.2031,2636.0576,101.9061,-11.0257
16.2531,2641.1391,101.3552,-11.0096
16.3031,2646.1931,100.8051,-10.9934
16.3531,2651.2196,100.2558,-10.9799
16.4031,2656.2187,99.7072,-10.9654
16.4531,2661.1904,99.1592,-10.9536
16.5031,2666.1346,98.6119,-10.9384
16.5531,2671.0516,98.0653,-10.9244
16.6031,2675.9412,97.5194,-10.9116
16.6531,2680.8035,96.9742,-10.8986
16.7031,2685.6386,96.4296,-10.8867
16.7531,2690.4465,95.8855,-10.8771
16.8031,2695.2272,95.3419,-10.8633
16.8531,2699.9807,94.7991,-10.8487
16.9031,2704.7071,94.257,-10.8369
16.9531,2709.4064,93.7155,-10.8228
17.0031,2714.0787,93.1748,-10.8077
17.0531,2718.7239,92.6346,-10.7975
17.1031,2723.3421,92.0951,-10.7849
17.1531,2727.9334,91.5562,-10.7707
17.2031,2732.4978,91.0179,-10.7597
17.2531,2737.0352,90.4802,-10.7477
17.3031,2741.5458,89.9431,-10.7356
17.3531,2746.0295,89.4067,-10.7223
17.4031,2750.4865,88.8709,-10.7109
17.4531,2754.9166,88.3356,-10.6988
17.5031,2759.32,87.801,-10.686
17.5531,2763.6967,87.267,-10.6737
17.6031,2768.0468,86.7337,-10.6602
17.6531,2772.3701,86.2009,-10.6521
17.7031,2776.6669,85.6686,-10.6404
17.7531,2780.937,85.1369,-10.6279
17.8031,2785.1805,84.6057,-10.6175
17.8531,2789.3976,84.0751,-10.6061
17.9031,2793.5881,83.5451,-10.596
17.9531,2797.7521,83.0156,-10.5851
18.0031,2801.8896,82.4864,-10.5794
18.0531,2806.0007,81.9577,-10.5709
18.1031,2810.0854,81.4294,-10.5623
18.1531,2814.1437,80.9015,-10.5526
18.2031,2818.1756,80.3741,-10.5433
18.2531,2822.1811,79.8472,-10.5298
18.3031,2826.1603,79.321,-10.5185
18.3531,2830.1132,78.7953,-10.5095
18.4031,2834.0398,78.2701,-10.5008
18.4531,2837.9402,77.7453,-10.4906
18.5031,2841.8144,77.221,-10.4797
18.5531,2845.6623,76.6973,-10.4681
18.6031,2849.4841,76.1742,-10.4589
18.6531,2853.2798,75.6515,-10.4466
18.7031,2857.0493,75.1295,-10.4366
18.7531,2860.7927,74.6079,-10.4257
18.8031,2864.5101,74.0869,-10.4141
18.8531,2868.2014,73.5665,-10.4039
18.9031,2871.8667,73.0465,-10.3925
18.9531,2875.5061,72.5272,-10.3826
19.0031,2879.1195,72.0082,-10.3749
19.0531,2882.7069,71.4898,-10.3645
19.1031,2886.2684,70.9718,-10.3547
19.1531,2889.8041,70.4542,-10.3479
19.2031,2893.3139,69.937,-10.3396
19.2531,2896.7978,69.4202,-10.3322
19.3031,2900.2559,68.9038,-10.3234
19.3531,2903.6882,68.3879,-10.3153
19.4031,2907.0947,67.8723,-10.3076
19.4531,2910.4754,67.3571,-10.302
19.5031,2913.8304,66.8422,-10.2929
19.5531,2917.1597,66.3278,-10.2844
19.6031,2920.4632,65.8137,-10.2785
19.6531,2923.741,65.3,-10.2706
19.7031,2926.9932,64.7865,-10.2659
19.7531,2930.2197,64.2735,-10.2573
19.8031,2933.4205,63.7608,-10.2495
19.8531,2936.5958,63.2485,-10.2413
19.9031,2939.7454,62.7367,-10.2327
19.9531,2942.8695,62.2252,-10.2252
20.0031,2945.9679,61.7142,-10.2166
20.0531,2949.0409,61.2036,-10.2092
20.1031,2952.0883,60.6932,-10.2054
20.1531,2955.1102,60.1831,-10.1968
20.2031,2958.1066,59.6735,-10.1887
20.2531,2961.0776,59.1642,-10.1819
20.3031,2964.023,58.6553,-10.1743
20.3531,2966.9431,58.1467,-10.1687
20.4031,2969.8377,57.6385,-10.162
20.4531,2972.707,57.1306,-10.1548
20.5031,2975.5508,56.6229,-10.1498
20.5531,2978.3693,56.1156,-10.1429
20.6031,2981.1624,55.6086,-10.1374
20.6531,2983.9301,55.1019,-10.1297
20.7031,2986.6726,54.5957,-10.1211
20.7531,2989.3897,54.0898,-10.1152
20.8031,2992.0815,53.5842,-10.108
20.8531,2994.7481,53.0789,-10.102
20.9031,2997.3894,52.574,-10.095
20.9531,3000.0055,52.0694,-10.0892
21.0031,3002.5964,51.5651,-10.0839
21.0531,3005.162,51.0611,-10.0745
21.1031,3007.7025,50.5576,-10.0678
21.1531,3010.2178,50.0543,-10.0632
21.2031,3012.7079,49.5512,-10.0589
21.2531,3015.1729,49.0484,-10.0532
21.3031,3017.6128,48.5459,-10.0476
21.3531,3020.0275,48.0437,-10.0422
21.4031,3022.4171,47.5417,-10.035
21.4531,3024.7817,47.0401,-10.0309
21.5031,3027.1212,46.5387,-10.0246
21.5531,3029.4356,46.0376,-10.0187
21.6031,3031.7249,45.5368,-10.0147
21.6531,3033.9893,45.0361,-10.0121
21.7031,3036.2285,44.5356,-10.0079
21.7531,3038.4428,44.0354,-10.0028
21.8031,3040.6321,43.5354,-9.9958
21.8531,3042.7964,43.0357,-9.9929
21.9031,3044.9357,42.5362,-9.9874
21.9531,3047.05,42.0369,-9.9823
22.0031,3049.1394,41.538,-9.9761
22.0531,3051.2038,41.0393,-9.9726
22.1031,3053.2433,40.5408,-9.9658
22.1531,3055.2579,40.0426,-9.963
22.2031,3057.2475,39.5446,-9.9573
22.2531,3059.2123,39.0468,-9.9519
22.3031,3061.1522,38.5494,-9.946
22.3531,3063.0673,38.0522,-9.9424
22.4031,3064.9575,37.5552,-9.9348
22.4531,3066.8228,37.0586,-9.9315
22.5031,3068.6633,36.5621,-9.9278
22.5531,3070.479,36.0657,-9.927
22.6031,3072.2699,35.5695,-9.9233
22.6531,3074.036,35.0735,-9.9166
22.7031,3075.7772,34.5778,-9.9108
22.7531,3077.4937,34.0823,-9.9081
22.8031,3079.1855,33.587,-9.9056
22.8531,3080.8524,33.0918,-9.9012
22.9031,3082.4947,32.5969,-9.8968
22.9531,3084.1121,32.1021,-9.8927
23.0031,3085.7049,31.6077,-9.8859
23.0531,3087.2729,31.1134,-9.8836
23.1031,3088.8162,30.6194,-9.8785
23.1531,3090.3348,30.1255,-9.8747
23.2031,3091.8288,29.6319,-9.872
23.2531,3093.298,29.1383,-9.8695
23.3031,3094.7426,28.6449,-9.8683
23.3531,3096.1625,28.1516,-9.8634
23.4031,3097.5578,27.6585,-9.8608
23.4531,3098.9284,27.1656,-9.8563
23.5031,3100.2743,26.6728,-9.8543
23.5531,3101.5957,26.1802,-9.8484
23.6031,3102.8924,25.6879,-9.8464
23.6531,3104.1644,25.1955,-9.8469
23.7031,3105.4119,24.7033,-9.8424
23.7531,3106.6348,24.2113,-9.838
23.8031,3107.833,23.7195,-9.8337
23.8531,3109.0067,23.2278,-9.8317
23.9031,3110.1558,22.7363,-9.8285
23.9531,3111.2804,22.245,-9.8252
24.0031,3112.3803,21.7539,-9.8203
24.0531,3113.4558,21.2629,-9.8165
24.1031,3114.5066,20.7721,-9.8159
24.1531,3115.533,20.2814,-9.8135
24.2031,3116.5348,19.7908,-9.8087
24.2531,3117.5121,19.3004,-9.8074
24.3031,3118.4648,18.8101,-9.8055
24.3531,3119.3931,18.3199,-9.8014
24.4031,3120.2968,17.83,-9.7983
24.4531,3121.1761,17.3402,-9.7926
24.5031,3122.0308,16.8506,-9.7914
24.5531,3122.8611,16.3611,-9.7877
24.6031,3123.667,15.8718,-9.7856
24.6531,3124.4483,15.3825,-9.784
24.7031,3125.2052,14.8935,-9.7792
24.7531,3125.9377,14.4045,-9.7772
24.8031,3126.6457,13.9159,-9.77
24.8531,3127.3292,13.4275,-9.7663
24.9031,3127.9884,12.9392,-9.7639
24.9531,3128.6232,12.4511,-9.7608
25.0031,3129.2335,11.9632,-9.7544
25.0531,3129.8195,11.4755,-9.752
25.1031,3130.3811,10.9881,-9.7464
25.1531,3130.9183,10.5009,-9.7414
25.2031,3131.4312,10.0139,-9.7387
25.2531,3131.9197,9.5271,-9.7328
25.3031,3132.3839,9.0406,-9.7283
25.3531,3132.8238,8.5542,-9.7249
25.4031,3133.2393,8.0681,-9.7199
25.4531,3133.6306,7.5823,-9.7141
25.5031,3133.9975,7.0967,-9.7087
25.5531,3134.3403,6.6115,-9.6988
25.6031,3134.6587,6.1267,-9.6927
25.6531,3134.9529,5.6422,-9.686
25.7031,3135.2229,5.1581,-9.6792
25.7531,3135.4687,4.6743,-9.6727
25.8031,3135.6904,4.191,-9.6601
25.8531,3135.8879,3.7082,-9.6499
25.9031,3136.0612,3.2259,-9.6418
25.9531,3136.2105,2.744,-9.6353
26.0031,3136.3356,2.2626,-9.623
26.0531,3136.4367,1.7818,-9.6054
26.1031,3136.5138,1.3018,-9.5967
26.1531,3136.5668,0.8177,-9.6952
26.2031,3136.5956,0.333,-9.6916
26.2531,3136.6001,-0.1514,-9.6845
26.3031,3136.5805,-0.6355,-9.6824
26.3082,3136.5771,-0.6855,-9.7502
26.8082,3135.0159,-5.5593,-9.7477
27.3082,3131.055,-10.284,-9.4494
27.8082,3124.7891,-14.7797,-8.9914
28.3082,3116.356,-18.9526,-8.3457
28.8082,3105.9369,-22.724,-7.5429
29.3082,3093.7417,-26.0568,-6.6657
29.8082,3079.9977,-28.919,-5.7244
30.3082,3064.9316,-31.3454,-4.8527
30.8082,3048.7594,-33.3434,-3.9959
31.3082,3031.6813,-34.9692,-3.2516
31.8082,3013.8717,-36.269,-2.5995
32.3082,2995.4802,-37.297,-2.0561
32.8082,2976.6305,-38.1018,-1.6096
33.3082,2957.4227,-38.7293,-1.255
33.8082,2937.9381,-39.2092,-0.9598
34.3082,2918.2432,-39.5702,-0.722
34.8082,2898.3906,-39.8404,-0.5403
35.3082,2878.4207,-40.039,-0.3973
35.8082,2858.3657,-40.1811,-0.2841
36.3082,2838.2501,-40.2813,-0.2004
36.8082,2818.0926,-40.3488,-0.1349
37.3082,2797.9076,-40.3912,-0.0849
37.8082,2777.7066,-40.4127,-0.0431
38.3082,2757.4985,-40.4196,-0.0137
38.8082,2737.29,-40.4146,0.01
39.3082,2717.0861,-40.4008,0.0277
39.8082,2696.8909,-40.3803,0.0409
40.3082,2676.7071,-40.3548,0.051
40.8082,2656.5371,-40.3252,0.0593
41.3082,2636.3826,-40.2927,0.065
41.8082,2616.245,-40.2579,0.0695
42.3082,2596.1251,-40.2216,0.0727
42.8082,2576.0238,-40.1837,0.0757
43.3082,2555.9418,-40.1446,0.0783
43.8082,2535.8795,-40.1044,0.0803
44.3082,2515.8375,-40.0636,0.0817
44.8082,2495.8161,-40.0221,0.0829
45.3082,2475.8155,-39.9801,0.084
45.8082,2455.836,-39.938,0.0842
46.3082,2435.8775,-39.8958,0.0844
46.8082,2415.9401,-39.8537,0.0842
47.3082,2396.0238,-39.8117,0.0841
47.8082,2376.1284,-39.7697,0.084
48.3082,2356.2541,-39.7277,0.0839
48.8082,2336.4007,-39.6859,0.0836
49.3082,2316.5681,-39.6443,0.0832
49.8082,2296.7563,-39.6028,0.0829
50.3082,2276.9653,-39.5613,0.0831
50.8082,2257.195,-39.5202,0.0823
51.3082,2237.4451,-39.4793,0.0817
51.8082,2217.7157,-39.4382,0.0822
52.3082,2198.0067,-39.3978,0.0808
52.8082,2178.3179,-39.3575,0.0805
53.3082,2158.6491,-39.3175,0.0801
53.8082,2139.0003,-39.2776,0.0799
54.3082,2119.3715,-39.2379,0.0794
54.8082,2099.7625,-39.1982,0.0794
55.3082,2080.1732,-39.1588,0.0787
55.8082,2060.6037,-39.1192,0.0793
56.3082,2041.0541,-39.0792,0.08
56.8082,2021.5246,-39.039,0.0805
57.3082,2002.0152,-38.9986,0.0807
57.8082,1982.526,-38.9584,0.0805
58.3082,1963.0568,-38.9182,0.0803
58.8082,1943.6078,-38.8779,0.0805
59.3082,1924.1788,-38.8379,0.08
59.8082,1904.7699,-38.798,0.0799
60.3082,1885.3808,-38.7584,0.0793
60.8082,1866.0115,-38.7188,0.0792
61.3082,1846.662,-38.6793,0.0789
61.8082,1827.3321,-38.6401,0.0784
62.3082,1808.0218,-38.6011,0.0779
62.8082,1788.7309,-38.5624,0.0776
63.3082,1769.4594,-38.5237,0.0773
63.8082,1750.2071,-38.4853,0.0769
64.3082,1730.9741,-38.4469,0.0767
64.8082,1711.7601,-38.4089,0.0761
65.3082,1692.5652,-38.371,0.0758
65.8082,1673.3891,-38.3331,0.0757
66.3082,1654.232,-38.2956,0.0751
66.8082,1635.0935,-38.2581,0.0749
67.3082,1615.9737,-38.221,0.0742
67.8082,1596.8724,-38.1841,0.0739
68.3082,1577.7896,-38.1472,0.0738
68.8082,1558.7253,-38.1098,0.0747
69.3082,1539.6798,-38.0723,0.0751
69.8082,1520.6531,-38.0344,0.0758
70.3082,1501.6454,-37.9966,0.0756
70.8082,1482.6565,-37.9589,0.0754
71.3082,1463.6865,-37.9212,0.0753
71.8082,1444.7353,-37.8836,0.0752
72.3082,1425.8029,-37.846,0.0752
72.8082,1406.8892,-37.8085,0.0751
73.3082,1387.9944,-37.7711,0.0748
73.8082,1369.1181,-37.734,0.0742
74.3082,1350.2604,-37.6969,0.0741
74.8082,1331.4211,-37.6603,0.0733
75.3082,1312.6001,-37.6237,0.0731
75.8082,1293.7973,-37.5873,0.0728
76.3082,1275.0127,-37.5511,0.0725
76.8082,1256.2461,-37.515,0.0721
77.3082,1237.4976,-37.479,0.072
77.8082,1218.767,-37.4433,0.0715
78.3082,1200.0543,-37.4077,0.0711
78.8082,1181.3593,-37.3723,0.0708
79.3082,1162.6819,-37.3371,0.0705
79.8082,1144.0222,-37.3019,0.0703
80.3082,1125.38,-37.2669,0.07
80.8082,1106.7552,-37.2322,0.0695
81.3082,1088.1478,-37.1973,0.0697
81.8082,1069.5579,-37.1624,0.0698
82.3082,1050.9854,-37.1274,0.0701
82.8082,1032.4306,-37.0921,0.0706
83.3082,1013.8934,-37.0567,0.0708
83.8082,995.3739,-37.0212,0.0709
84.3082,976.8722,-36.9858,0.0708
84.8082,958.3881,-36.9505,0.0707
85.3082,939.9217,-36.9151,0.0707
85.8082,921.4729,-36.88,0.0703
86.3082,903.0417,-36.8449,0.0701
86.8082,884.628,-36.81,0.0699
87.3082,866.2317,-36.7752,0.0695
87.8082,847.8527,-36.7406,0.0692
88.3082,829.4911,-36.7057,0.0698
88.8082,811.1468,-36.6715,0.0685
89.3082,792.8196,-36.6374,0.0681
89.8082,774.5094,-36.6034,0.0679
90.3082,756.2162,-36.5694,0.068
90.8082,737.9399,-36.5358,0.0673
91.3082,719.6804,-36.5023,0.067
91.8082,701.4376,-36.4688,0.0669
92.3082,683.2116,-36.4354,0.0667
92.8082,665.0021,-36.4024,0.0661
93.3082,646.8092,-36.3692,0.0665
93.8082,628.6328,-36.3365,0.0653
94.3082,610.4727,-36.3038,0.0653
94.8082,592.3289,-36.2714,0.065
95.3082,574.2014,-36.2388,0.0651
95.8082,556.0902,-36.206,0.0657
96.3082,537.9955,-36.1728,0.0662
96.8082,519.9173,-36.1396,0.0665
97.3082,501.8559,-36.1063,0.0667
97.8082,483.8111,-36.073,0.0666
98.3082,465.7829,-36.0397,0.0665
98.3093,465.7435,-35.5397,454.8069
98.3103,465.7082,-35.0977,442.005
98.3113,465.6733,-34.6668,430.8386
98.3123,465.6389,-34.2467,420.0887
98.3133,465.6048,-33.837,409.7349
98.3143,465.5712,-33.4372,399.7578
98.3153,465.538,-33.0471,390.1394
98.3163,465.5051,-32.6662,380.8626
98.3173,465.4726,-32.2943,371.9114
98.3183,465.4405,-31.9311,363.2706
98.3193,465.4088,-31.5761,354.9261
98.3203,465.3774,-31.2293,346.8644
98.3213,465.3463,-30.8902,339.0729
98.3223,465.3156,-30.5587,331.5396
98.3233,465.2852,-30.2344,324.2531
98.3243,465.2551,-29.9172,317.2028
98.3253,465.2253,-29.6068,310.3786
98.3263,465.1959,-29.303,303.7708
98.3273,465.1667,-29.0057,297.3704
98.3283,465.1379,-28.7145,291.1688
98.3293,465.1093,-28.4293,285.1577
98.3303,465.081,-28.15,279.3296
98.3313,465.053,-27.8763,273.6769
98.3323,465.0252,-27.6082,268.1928
98.3333,464.9978,-27.3453,262.8705
98.3343,464.9706,-27.0876,257.7038
98.3353,464.9436,-26.8349,252.6865
98.3363,464.9169,-26.5871,247.8131
98.3373,464.8904,-26.344,243.078
98.3383,464.8642,-26.1055,238.4761
98.3393,464.8382,-25.8715,234.0024
98.3403,464.8124,-25.6419,229.6521
98.3413,464.7869,-25.4164,225.4208
98.3423,464.7616,-25.1951,221.3041
98.3433,464.7365,-24.9778,217.2979
98.3443,464.7117,-24.7644,213.3984
98.3453,464.687,-24.5548,209.6017
98.3463,464.6625,-24.3489,205.9042
98.3473,464.6383,-24.1466,202.3026
98.3483,464.6142,-23.9478,198.7935
98.3493,464.5904,-23.7525,195.3737
98.3503,464.5667,-23.5604,192.0404
98.3513,464.5433,-23.3716,188.7905
98.3523,464.52,-23.186,185.6213
98.3533,464.4969,-23.0035,182.5302
98.3543,464.474,-22.824,179.5145
98.3553,464.4513,-22.6474,176.5719
98.3563,464.4287,-22.4737,173.7001
98.3573,464.4063,-22.3028,170.8967
98.3583,464.3841,-22.1346,168.1596
98.3593,464.362,-21.9692,165.4867
98.3603,464.3401,-21.8063,162.8761
98.3613,464.3184,-21.646,160.3258
98.3623,464.2969,-21.4881,157.8339
98.3633,464.2754,-21.3327,155.3988
98.3643,464.2542,-21.1797,153.0186
98.3653,464.2331,-21.029,150.6917
98.3663,464.2121,-20.8806,148.4166
98.3673,464.1913,-20.7344,146.1917
98.3683,464.1707,-20.5904,144.0156
98.3693,464.1501,-20.4485,141.8868
98.3703,464.1298,-20.3087,139.804
98.3713,464.1095,-20.1709,137.7658
98.3723,464.0894,-20.0352,135.771
98.3733,464.0694,-19.9013,133.8184
98.3743,464.0496,-19.7694,131.9068
98.3753,464.0299,-19.6394,130.035
98.3763,464.0103,-19.5112,128.202
98.3773,463.9909,-19.3848,126.4066
98.3783,463.9716,-19.2601,124.6479
98.3793,463.9524,-19.1372,122.9248
98.3803,463.9333,-19.016,121.2365
98.3813,463.9143,-18.8964,119.5819
98.3823,463.8955,-18.7784,117.9602
98.3833,463.8768,-18.6621,116.3706
98.3843,463.8582,-18.5473,114.812
98.3853,463.8397,-18.434,113.2839
98.3863,463.8213,-18.3222,111.7854
98.3873,463.803,-18.2119,110.3156
98.3883,463.7849,-18.103,108.874
98.3893,463.7668,-17.9955,107.4597
98.3903,463.7489,-17.8895,106.0721
98.3913,463.731,-17.7848,104.7105
98.3923,463.7133,-17.6814,103.3743
98.3933,463.6957,-17.5793,102.0629
98.3943,463.6782,-17.4785,100.7755
98.3953,463.6607,-17.379,99.5118
98.3963,463.6434,-17.2808,98.271
98.3973,463.6262,-17.1837,97.0526
98.3983,463.609,-17.0879,95.8561
98.3993,463.592,-16.9932,94.681
98.4003,463.575,-16.8996,93.5267
98.4013,463.5582,-16.8073,92.3928
98.4023,463.5414,-16.716,91.2787
98.4033,463.5248,-16.6258,90.184
98.4043,463.5082,-16.5367,89.1083
98.4053,463.4917,-16.4486,88.0512
98.4063,463.4753,-16.3616,87.0121
98.4073,463.459,-16.2756,85.9908
98.4083,463.4427,-16.1906,84.9868
98.4094,463.4264,-16.1055,83.9997
98.4104,463.4098,-16.02,83.0166
98.4114,463.3931,-15.934,82.0336
98.4125,463.3761,-15.8476,81.0508
98.4136,463.359,-15.7607,80.0681
98.4147,463.3416,-15.6734,79.0857
98.4158,463.324,-15.5856,78.1035
98.417,463.3063,-15.4973,77.1215
98.4181,463.2882,-15.4085,76.1397
98.4193,463.27,-15.3192,75.1581
98.4205,463.2515,-15.2295,74.1768
98.4218,463.2328,-15.1392,73.1956
98.423,463.2138,-15.0484,72.2148
98.4243,463.1946,-14.957,71.2341
98.4256,463.1751,-14.8652,70.2537
98.4269,463.1553,-14.7728,69.2736
98.4283,463.1352,-14.6798,68.2937
98.4297,463.1149,-14.5862,67.3141
98.4311,463.0943,-14.4921,66.3347
98.4326,463.0733,-14.3974,65.3556
98.434,463.0521,-14.3021,64.3769
98.4356,463.0305,-14.2062,63.3984
98.4371,463.0086,-14.1097,62.4202
98.4387,462.9864,-14.0125,61.4424
98.4403,462.9638,-13.9147,60.4648
98.442,462.9409,-13.8163,59.4876
98.4436,462.9175,-13.7171,58.5108
98.4454,462.8938,-13.6173,57.5343
98.4472,462.8697,-13.5168,56.5581
98.449,462.8452,-13.4156,55.5824
98.4508,462.8202,-13.3136,54.607
98.4528,462.7948,-13.2109,53.6321
98.4547,462.769,-13.1074,52.6575
98.4567,462.7427,-13.0032,51.6834
98.4588,462.7158,-12.8981,50.7097
98.4609,462.6885,-12.7923,49.7365
98.4631,462.6606,-12.6856,48.7638
98.4654,462.6322,-12.5781,47.7916
98.4677,462.6032,-12.4697,46.8198
98.4701,462.5736,-12.3604,45.8486
98.4725,462.5434,-12.2502,44.878
98.4751,462.5125,-12.1391,43.9079
98.4777,462.481,-12.027,42.9384
98.4804,462.4488,-11.9139,41.9695
98.4832,462.4158,-11.7999,41.0013
98.486,462.382,-11.6848,40.0337
98.489,462.3474,-11.5686,39.0668
98.4921,462.312,-11.4514,38.1007
98.4953,462.2757,-11.333,37.1353
98.4986,462.2385,-11.2135,36.1707
98.502,462.2002,-11.0928,35.207
98.5056,462.161,-10.971,34.2436
98.5092,462.1207,-10.8482,33.2816
98.5131,462.0793,-10.724,32.3222
98.5171,462.0367,-10.5986,31.3637
98.5213,461.9927,-10.4718,30.4064
98.5256,461.9474,-10.3436,29.4501
98.5302,461.9006,-10.2139,28.495
98.5349,461.8523,-10.0827,27.5412
98.5399,461.8023,-9.9501,26.5888
98.5452,461.7506,-9.8158,25.6377
98.5507,461.6969,-9.6798,24.6882
98.5565,461.6411,-9.5421,23.7402
98.5626,461.5833,-9.403,22.7927
98.569,461.5231,-9.2621,21.8501
98.5758,461.4604,-9.1193,20.9094
98.5831,461.3948,-8.9746,19.9708
98.5908,461.3262,-8.8278,19.0345
98.599,461.2542,-8.6789,18.1007
98.6078,461.1785,-8.5279,17.1696
98.6173,461.0986,-8.3744,16.2394
98.6274,461.0143,-8.2187,15.3105
98.6384,460.9249,-8.0607,14.3859
98.6503,460.8298,-7.9003,13.465
98.6633,460.7282,-7.7374,12.5484
98.6775,460.6195,-7.5721,11.6363
98.6932,460.5023,-7.4041,10.7304
98.7105,460.3754,-7.2336,9.8303
98.7299,460.2368,-7.0603,8.937
98.7518,460.0845,-6.8844,8.0509
98.7766,459.9154,-6.706,7.1733
98.8052,459.7266,-6.5261,6.3057
98.8386,459.5117,-6.3439,5.454
98.8784,459.2628,-6.1601,4.6155
98.926,458.9736,-5.9794,3.7929
98.985,458.6265,-5.8021,3.0102
99.0637,458.1767,-5.6238,2.2641
99.167,457.6041,-5.4656,1.5322
99.3247,456.7533,-5.3224,0.908
99.5562,455.5306,-5.2407,0.3528
100.0562,452.9159,-5.218,0.0453
100.5562,450.3026,-5.2355,-0.0351
101.0562,447.6886,-5.2203,0.0304
101.5562,445.0757,-5.2312,-0.0217
102.0562,442.4628,-5.2204,0.0216
102.5562,439.8505,-5.229,-0.0172
103.0562,437.2386,-5.2188,0.0202
103.5562,434.6268,-5.2282,-0.0187
104.0562,432.0157,-5.2162,0.024
104.5562,429.4048,-5.2274,-0.0224
105.0562,426.7998,-5.1926,0.0696
105.5562,424.1905,-5.2446,-0.1041
106.0562,421.5803,-5.1963,0.0967
106.5562,418.9724,-5.2352,-0.0777
107.0562,416.3624,-5.2047,0.061
107.5562,413.7556,-5.2225,-0.0357
108.0562,411.1471,-5.2116,0.0218
108.5562,408.5411,-5.2122,-0.0012
109.0562,405.9336,-5.2178,-0.0112
109.5562,403.3268,-5.2093,0.017
110.0562,400.7201,-5.2177,-0.0169
110.5562,398.1128,-5.2114,0.0128
111.0562,395.5067,-5.2132,-0.0037
111.5562,392.9019,-5.2058,0.0148
112.0562,390.296,-5.2178,-0.0239
112.5562,387.6922,-5.1975,0.0405
113.0562,385.0877,-5.2205,-0.046
113.5562,382.4823,-5.201,0.039
114.0562,379.879,-5.2121,-0.0221
114.5562,377.2749,-5.2047,0.0147
115.0562,374.6718,-5.2076,-0.0057
115.5562,372.068,-5.2075,0
116.0562,369.4646,-5.2063,0.0025
116.5562,366.8615,-5.2059,0.0008
117.0562,364.2594,-5.2028,0.0061
117.5562,361.6572,-5.2059,-0.0062
118.0562,359.0563,-5.1978,0.0163
118.5562,356.4549,-5.2076,-0.0197
119.0562,353.8535,-5.198,0.0193
119.5562,351.2527,-5.2054,-0.015
120.0562,348.654,-5.1893,0.0323
120.4735,346.4864,-5.1995,-0.0246
120.9735,343.8882,-5.1932,0.0126
121.4735,341.2905,-5.1977,-0.0089
121.9735,338.6915,-5.1982,-0.0009
122.4735,336.0927,-5.1971,0.0021
122.9735,333.4939,-5.1979,-0.0015
123.4735,330.8955,-5.196,0.0038
123.9735,328.2987,-5.1911,0.0097
124.4735,325.701,-5.1995,-0.0167
124.9735,323.1045,-5.1867,0.0256
125.4735,320.5077,-5.2003,-0.0271
125.9735,317.9143,-5.1733,0.0539
126.4735,315.3194,-5.2063,-0.066
126.9735,312.723,-5.1793,0.0541
127.4735,310.1282,-5.1999,-0.0411
127.9735,307.5325,-5.1829,0.0339
128.4735,304.9377,-5.1965,-0.0271
128.9735,302.3456,-5.1718,0.0495
129.4735,299.7522,-5.202,-0.0605
129.9735,297.1614,-5.1611,0.0817
130.4735,294.5688,-5.2095,-0.0968
130.9735,291.9754,-5.1641,0.0907
131.4735,289.384,-5.2013,-0.0743
131.9735,286.7908,-5.1713,0.0599
132.4735,284.2026,-5.1817,-0.0207
132.9735,281.6108,-5.1855,-0.0078
133.4735,279.019,-5.1817,0.0077
133.9735,276.4317,-5.1675,0.0283
134.4735,273.841,-5.1952,-0.0553
134.9735,271.2515,-5.1626,0.0652
135.4735,268.6627,-5.1927,-0.0601
135.9735,266.0723,-5.169,0.0473
136.4735,263.4828,-5.189,-0.0399
136.9735,260.893,-5.17,0.038
137.4735,258.3044,-5.1846,-0.0292
137.9735,255.718,-5.1607,0.0478
138.3772,253.6312,-5.1785,-0.0441
138.8772,251.0431,-5.1739,0.0093
139.3772,248.4552,-5.1775,-0.0073
139.8772,245.8678,-5.1721,0.0108
140.3772,243.2819,-5.1717,0.0008
140.8772,240.6952,-5.1752,-0.007
141.3772,238.1087,-5.1708,0.0088
141.8772,235.527,-5.1558,0.03
142.2659,233.5189,-5.1756,-0.051
142.7659,230.9335,-5.1661,0.019
143.2659,228.3487,-5.1731,-0.0141
143.7659,225.7646,-5.1629,0.0205
144.2659,223.1815,-5.1698,-0.0138
144.7659,220.5975,-5.1659,0.0079
145.2659,218.014,-5.1683,-0.0049
145.7659,215.4304,-5.166,0.0045
146.2659,212.8473,-5.1666,-0.0012
146.7659,210.2645,-5.1645,0.0043
147.2659,207.6857,-5.1504,0.0281
147.5658,206.1402,-5.1551,-0.0156
148.0658,203.5644,-5.1484,0.0136
148.4276,201.6989,-5.1665,-0.0502
148.9276,199.1171,-5.1604,0.0123
149.4276,196.5359,-5.1645,-0.0081
149.9276,193.9551,-5.1587,0.0116
150.4276,191.3761,-5.1574,0.0025
150.9276,188.7966,-5.1606,-0.0064
151.4276,186.2167,-5.159,0.0033
151.9276,183.637,-5.1598,-0.0016
152.4276,181.0611,-5.1438,0.032
152.8878,178.6887,-5.1661,-0.0486
153.3878,176.1103,-5.1475,0.0373
153.8878,173.5323,-5.1644,-0.0337
154.3878,170.9544,-5.1475,0.0337
154.8878,168.3778,-5.1586,-0.0222
155.3878,165.8003,-5.1516,0.014
155.8878,163.2238,-5.1541,-0.005
156.3878,160.647,-5.153,0.0023
156.8878,158.0706,-5.1527,0.0006
157.3878,155.4959,-5.1463,0.0128
157.8878,152.9202,-5.1566,-0.0206
158.3878,150.3471,-5.1355,0.0422
158.8855,147.7846,-5.1606,-0.0504
159.3855,145.2095,-5.1399,0.0413
159.8855,142.637,-5.1503,-0.0207
160.3855,140.0637,-5.1429,0.0147
160.8855,137.4916,-5.1451,-0.0044
161.3109,135.304,-5.1396,0.0129
161.8109,132.7311,-5.1522,-0.0251
162.3109,130.1584,-5.1386,0.0271
162.8109,127.5858,-5.1515,-0.0258
163.3109,125.0135,-5.1376,0.0278
163.8109,122.4416,-5.1501,-0.0249
164.3109,119.871,-5.1325,0.0352
164.8109,117.2999,-5.1517,-0.0385
165.3109,114.7286,-5.1336,0.0362
165.8109,112.1603,-5.1397,-0.0122
166.3109,109.59,-5.1415,-0.0035
166.8109,107.0203,-5.1372,0.0086
167.3109,104.4519,-5.1366,0.0012
167.8109,101.8834,-5.1374,-0.0015
168.3109,99.3143,-5.1391,-0.0035
168.8109,96.7455,-5.1362,0.0058
169.3109,94.177,-5.1375,-0.0026
169.8109,91.6099,-5.1308,0.0135
170.3109,89.0422,-5.1403,-0.019
170.8109,86.4747,-5.1296,0.0214
171.3109,83.9085,-5.1353,-0.0114
171.8109,81.3417,-5.1318,0.007
172.3109,78.7763,-5.1298,0.0039
172.8109,76.2103,-5.1342,-0.0087
173.3109,73.6452,-5.1263,0.0157
173.8109,71.0798,-5.1354,-0.0181
174.3109,68.5156,-5.1212,0.0283
174.7611,66.2092,-5.1252,-0.0088
175.2611,63.6449,-5.1322,-0.0141
175.7611,61.0827,-5.1165,0.0314
176.2611,58.5195,-5.1363,-0.0395
176.7611,55.9557,-5.1188,0.035
177.2611,53.3928,-5.133,-0.0283
177.7611,50.8317,-5.1115,0.043
178.2611,48.2698,-5.1359,-0.0489
178.7611,45.7101,-5.103,0.0657
179.2611,43.1487,-5.1426,-0.0791
179.7611,40.5867,-5.1053,0.0745
180.2611,38.0269,-5.134,-0.0574
180.7611,35.4667,-5.1066,0.055
181.2611,32.9068,-5.1332,-0.0533
181.7611,30.3473,-5.1049,0.0566
182.2611,27.7877,-5.1334,-0.0571
182.7611,25.2296,-5.0987,0.0694
183.2119,22.9253,-5.1255,-0.0593
183.7119,20.3711,-5.0912,0.0685
184.2119,17.8137,-5.1386,-0.0949
184.5944,15.8581,-5.0877,0.1333
184.9996,13.7876,-5.1315,-0.1082
185.4996,11.2301,-5.0985,0.066
185.9996,8.6731,-5.1295,-0.0619
186.4996,6.1168,-5.0958,0.0674
186.9326,3.9064,-5.1135,-0.041
187.3531,1.7567,-5.1108,0.0065
187.6968,0,-5.1117,-0.0028
